date,text,nagisa_score,laura_score,elisa_score,concordancy
2018-04-12 00:19:16,Lapada na rachada  #OOutroLadoDoPara√≠so,0,0,0,0
2018-04-14 01:10:35,"Plant√£o, mores! Plant√£o, mores! #OOutroLadoDoParaiso https://t.co/wYXzu1S50U",0,0,0,0
2018-04-10 01:08:02,"Eu esperando a cena de N√°dia e Raquel. 
#OOutroLadoDoParaiso https://t.co/agJ9rFuP9L",1,0,0,0
2018-04-13 00:49:57,Barbara Paz de Paz n tem √© nada #OOutroLadodoPara√≠so,-1,0,0,0
2018-04-13 01:16:36,Eu vendo as cenas do Amaro e a Estela #OOutroLadoDoPara√≠so https://t.co/BIDlVhtl7q,0,0,0,0
2018-04-11 01:34:37,Que close de novela mexicana #OoutroLadoDoPara√≠so,0,0,0,0
2018-04-12 00:40:00,Gael revela a Bruno que Sophia matou Mariano em #Ooutroladodopara√≠so https://t.co/xwBhUXkfgb https://t.co/bOY9Si1qAZ,0,0,0,0
2018-04-13 12:10:57,A Cleo quando ta a ouvir as vozes e a m√∫sica parece eu quando n√£o consigo espirrar. Cara de espirro que nunca vem. #OOutroLadoDoParaiso,0,-1,0,0
2018-04-12 00:28:52,"#OOutroLadoDoPara√≠so
N√£o vou doar meu rim. https://t.co/xvZp6UO4gE",0,-1,0,0
2018-04-12 00:26:08,Nera J√¥ que amava a Adriana nera? #OOutroLadoDoPara√≠so,0,0,0,0
2018-04-14 00:36:10,"Gael vai ter q falar com a clara, pq se fosse pro bruno ajudar, sofia NUNCA seria presa #OOutroLadodoPara√≠so",-1,0,0,0
2018-04-11 20:41:00,Valentina Bulc entra em #Ooutroladodopara√≠so para virar a cabe√ßa de Johnny https://t.co/A2mFg3IZYr https://t.co/orjtl8k36F,0,0,0,0
2018-04-13 00:53:52,Queria que a Adriana ouvisse tudo que a J√¥ falou. ...#OOutroLadoDoPara√≠so,0,0,0,0
2018-04-10 00:49:02,"Pra pessoa mudar de vida, ela precisa querer mudar n√©? 
- Clara Lispector #OOutroLadoDoPara√≠so",0,0,0,0
2018-04-14 18:10:25,"Raquel pede ajuda da Grande M√£e para decidir se volta para Bruno

https://t.co/SB6coJb1NY

#VenhaVer #Blog #Blogs‚Ä¶ https://t.co/0JMNnasWBb",0,0,0,0
2018-04-12 00:04:23,"Se Sophia soubesse tudo o que Xod√≥ sabe dela, j√° tinha tesourado at√© a ALMA dele. #OOutroLadodoParaiso",0,1,0,0
2018-04-14 00:50:30,#OOutroLadoDoParaiso Sophia j√° pode meter a tesoura no Gael,-1,0,0,0
2018-04-14 01:48:21,"S√≥ eu quero saber  o que a mulher do hosp√≠cio tem pra falar?? Ser√° que a Beatriz t√° viva, meldels?#OOutroLadoDoPara√≠so",0,0,0,0
2018-04-14 01:08:33,GENTE MARIANO EST√Å VIVO √â ISSO????? #OOutroLadoDoParaiso,1,0,0,0
2018-04-11 01:36:06,"#OOutroLadoDoPara√≠so imagina se essa hist√≥ria da Mercedes aguardar o fim do mundo n seja avulsa, e no final da nove‚Ä¶ https://t.co/GWTEbj9SZR",0,-1,0,0
2018-04-12 00:30:49,V√£o contar pra Adriana ou v√£o fazer igual no caso do av√¥?? #OOutroLadoDoParaiso https://t.co/IjjCMOPav7,-1,0,0,0
2018-04-13 00:38:36,"#OOutroLadoDoPara√≠so 
Oque vc faria com um m√™s de vida??",0,0,0,0
2018-04-14 01:07:51,#OOutroLadoDoPara√≠so todo mundo sabe viado,-1,0,0,0
2018-04-14 01:11:43,"A chave do cofre, √© o cooo √©? #OoutroLadoDoPara√≠so",0,0,0,0
2018-04-14 00:41:14,"""hoje eu t√¥ vendo o mundo cor de rosa"" as vezes rola n√© #OOutroLadodoPara√≠so",0,1,0,0
2018-04-11 17:12:25,"Audi√™ncia BRASIL: Novelas
Ter√ßa 10/04/18

#OOutroLadoDoPara√≠so 43,3
#DeusSalveORei 23,4
#OrgulhoEPaix√£o 20,1‚Ä¶ https://t.co/E87SzccchD",0,0,0,0
2018-04-10 00:42:20,"Eu s√≥ pe√ßo pizza no dia que o sal√°rio cai na conta, ent√£o eu s√≥ sou pobre um dia m√™s de acordo com a  Fabiana #OOutroLadoDoPara√≠so",0,0,0,0
2018-04-11 02:00:01,Meio a meio? Vai rolar torta de clim√£o em #OOutroLadoDoParaiso! https://t.co/p4eIMT9hKa,0,0,1,0
2018-04-10 00:32:26,Vazou um nude do advogado carneirinho #OOutroLadoDoParaiso https://t.co/DQKoEVeXd0,0,0,0,0
2018-04-10 01:29:39,Mas √© o qu√™???? #Ooutroladodoparaiso,0,0,-1,0
2018-04-14 01:13:14,"Plant√£o Da Globo no meio da novela #OOutroLadoDoPara√≠so

https://t.co/9t8eDyAlUS",0,0,-1,0
2018-04-14 01:24:16,finalmente o reizinho apareceu #OOutroLadoDoPara√≠so,-1,0,1,0
2018-04-13 01:01:57,"Sobre o fato de Beth implorar para que a vil√£, que n√£o presta e nem gosta da Adriana, doar o rim pra pr√≥pria filha.‚Ä¶ https://t.co/pgCiWWMRvs",0,0,0,0
2018-04-13 00:40:33,√â... fumante n√£o tem que doar mesmo... #OOutroLadoDoPara√≠so,1,-1,0,0
2018-04-10 01:33:28,"#OOutroLadoDoParaiso 
Gael e Clara 
Melissa e Diego 
Samuel e Suzy 
Patrick e Adriana 
J√¥ e Henrique 
Walcyr para d‚Ä¶ https://t.co/MVaqkJZCaI",0,0,0,0
2018-04-12 16:50:24,#tbt Casamento de Dona Mercedes e Seu Josaf√°. #noveladasnove #ooutroladodoparaiso em Central‚Ä¶ https://t.co/Y1OceOaDxd,0,0,0,0
2018-04-10 01:29:44,"Vc tem uma filha? Que estranho
BERROOOOOOOOOOOOOOOOOOOOOOOOOOOOOOOOOOOOOO #ooutroladodoparaiso",0,0,1,0
2018-04-12 00:38:16,@eumarcussoares Eu estou me convencendo pois sempre achei que todas as atitudes dele foi devido a essa cria√ß√£o psic‚Ä¶ https://t.co/HWgUjkt2KR,0,-1,0,0
2018-04-14 01:10:15,SOCORRO PLANT√ÉO DO TRUMP #OOutroLadodoPara√≠so,0,0,-1,0
2018-04-11 00:49:28,#OOutroLadoDoPara√≠so Odair se mete em tudo mas na minha vida n√£o quer se meter n√©,-1,1,0,0
2018-04-10 00:50:09,√â impressionante como a Beth s√≥ sofreu a novela inteira. #OOutroLadoDoParaiso,-1,1,0,0
2018-04-13 01:30:48,#OOutroLadoDoPara√≠so sabe que vai morre e agr quer o nick,0,0,0,0
2018-04-13 01:35:54,O Guiz√© t√° gordinho n√© #OOutroLadoDoPara√≠so,0,0,-1,0
2018-04-10 01:01:45,"S√©rgio Guiz√© ‚ù§‚ù§
Gael üò°üò°
#OOutroLadoDoParaiso",0,0,0,0
2018-04-12 00:17:18,#OOutroLadoDoPara√≠so n√£o esperava essa rea√ß√£o do Gael,0,0,0,0
2018-04-10 01:08:18,"Daqui a pouco Gael fala:  ‚ÄúMeu nome √© Gael, tenho trinta e poucos anos, sou dono de uma mina de esmeraldas, defenso‚Ä¶ https://t.co/YdjcOrLHEW",0,0,-1,0
2018-04-10 00:36:24,"clara ia casar com o renato e n√£o queria que o patrick fosse embora, terminou com ele e disse que ele n√£o precisava‚Ä¶ https://t.co/lzLBCQEFYJ",0,0,0,0
2018-04-12 00:15:35,Enqto isso em #OOutroLadoDoParaiso https://t.co/q04PJafiPO,0,0,0,0
2018-04-13 01:41:25,"#OOutroLadoDoParaiso Esse drama da Beth lembra uma coisa... Tanta gente morrendo pq precisa de sangue, mas se homes‚Ä¶ https://t.co/wtKEvw33o4",-1,0,0,0
2018-04-14 00:32:08,"S√≥ para saber, se voc√™ testemunha um crime, n√£o serve de provas? #OOutroLadoDoParaiso",0,0,0,0
2018-04-11 00:41:11,Suzy feminista?? #OoutroLadoDoPara√≠so,1,0,0,0
2018-04-11 16:30:13,@babilloon O primeiro teaser de #OOutroLadoDoPara√≠so foi liberado 1 m√™s e tr√™s dias antes da estreia... Quando estreia #SegundoSol ??,0,0,0,0
2018-04-12 00:03:03,"Veja no site de #MinhaNovela - #OOutroLadoDoParaiso, urgente! J√¥ se recusa a doar seu rim para Adriana‚Ä¶ https://t.co/xP2cfURrgL",0,0,0,0
2018-04-11 01:28:25,"Quer um suco ? Vai tomar na sua casa

#OOutroLadoDoPara√≠so",-1,0,0,0
2018-04-13 00:53:07,"#OOutroLadoDoPara√≠so.  O sorriso ir√¥nico de J√¥, desclassificada, deixa Henrique na pior.",0,-1,0,0
2018-04-12 13:58:47,"#OOutroLadodoPara√≠so: Gael faz nova descoberta e denuncia Sophia, Confira https://t.co/VDUyCBhMeY",0,0,0,0
2018-04-14 00:35:46,"#OOutroLadoDoPara√≠so.  Esse brinco,  Gael vai presentear L√≠via.  Lembran√ßa do amado.",1,0,0,0
2018-04-10 18:34:12,"Audi√™ncia BRASIL üáßüá∑ Novelas
Segunda 09/04/18

1‚É£ #OOutroLadoDoPara√≠so 42,2
2‚É£ #DeusSalveORei 26,6
3‚É£‚Ä¶ https://t.co/0hA4zinciG",0,0,0,0
2018-04-13 00:39:54,#OOutroLadoDoParaiso Beth t√° olhando com uma cara pro Renato vontade dela deve ser pula em cima dele,1,0,0,0
2018-04-10 00:23:35,Vamos assistir #OOutroLadoDoParaiso,1,0,0,0
2018-04-13 16:27:30,"Consolidados - GLOBO (11/04):

#DeusSalveORei 24.7
#JN 28.9
#OOutroLadoDoPara√≠so 39.5
#AGenteTorceJunto 28.7‚Ä¶ https://t.co/kwZ7fXJSNJ",0,0,0,0
2018-04-11 01:31:52,"Gzuis pq insistem em continuar cortando a franja da Bianca Bin, se fosse ela n√£o deixava mais n√£o kkkkk #OOutroLadoDoPara√≠so",1,0,-1,0
2018-04-11 01:00:33,"Que falta eu sinto de um bem, que falta me faz um xod√≥ üé∂
#OOutroLadoDoParaiso https://t.co/Zs7r8tIRwS",0,0,1,0
2018-04-13 01:30:45,Essa barba do Nicolau .. #OoutroLadoDoPara√≠so,0,0,0,0
2018-04-14 02:15:43,"""Beija eu 
Beija eu 
Beija eu 
Me beija 
Deixa o que seja seu 
Ent√£o beba e receba 
Meu corpo no seu 
Corpo eu 
No‚Ä¶ https://t.co/fQSmbOMWH8",0,0,0,0
2018-04-11 01:31:14,"""SEM ACORDO!""
Patrick 1000000000000000 X 0 Renato   #OOutroLadoDoPara√≠so https://t.co/PrsCV2peSs",0,0,1,0
2018-04-11 01:15:23,"O puteiro ser√° que vai fechar as portas ou contratar novas putas?
#OOutroLadoDoPara√≠so",0,0,0,0
2018-04-11 00:48:43,"Se no Rio, n√£o der certo, Temer poderia intervir nesta novela, para evitar que Sophia dizime metade do elenco de‚Ä¶ https://t.co/ULBs0A4hne",0,0,-1,0
2018-04-14 01:28:30,A v√≥ do patrick ta parecendo a m√£e do quilombo #OOutroLadoDoParaiso,0,0,0,0
2018-04-14 01:22:59,"""Me arrependo por n√£o ter sido um bom marido pra vc enquanto est√°vamos casados, Beth."" (Henrique)
SE ARREPENDA MESM‚Ä¶ https://t.co/kTpJg3Lz8d",-1,0,0,0
2018-04-14 01:29:42,"Gente, acho q perdi alguma coisa ao ler o resumo de amanh√£... Afinal, o autor vai deixar beatriz morta, ou ela ta viva.
#OOutroLadoDoParaiso",0,0,0,0
2018-04-11 15:44:50,‚ÄòO Outro Lado do Para√≠so‚Äô: Gael morre como her√≥i para salvar Clara de Sophia; veja como ser√° a cena‚Ä¶ https://t.co/yIhwOeBXxH,0,0,0,0
2018-04-10 01:05:05,S√≥ desculpa... a culpa √± √© da Adriana. Clara queria dar um jeitinho de voltar pro Gael. Ela nunca esqueceu ele. #ooutroladodoparaiso,-1,0,0,0
2018-04-11 01:12:38,O bordel vai fechar!!! #OOutroLadoDoParaiso,0,0,0,0
2018-04-11 15:17:40,#OOutroLadoDoPara√≠so #JN/#JornalNacional #BBB18 #SP2 e #DeusSalveORei foram as maiores audi√™ncias da Globo na ter√ßa‚Ä¶ https://t.co/rer9ZxpV6R,0,0,1,0
2018-04-10 01:14:15,S√≥ eu acho o xod√≥ parecido com o ex bbb lucas??? #OOutroLadoDoParaiso,1,0,0,0
2018-04-10 01:02:12,clael #OOutroLadoDoParaiso https://t.co/6PwV07eCP8,0,0,0,0
2018-04-10 00:36:52,#OOutroLadoDoParaiso quer vender ent√£o n√£o inventar minizinha chip vem com chip wi-fi,-1,0,0,0
2018-04-12 02:32:16,"#FinalDancingBrasil
#OOutroLadoDoPara√≠so  https://t.co/ZdKp10ZnFW",0,0,0,0
2018-04-13 01:06:32,"EU QUERIA VER A CARA DA ADRIANA EM SABER OQUE J√î PENSA DELA 
#OOutroLadodoParaiso https://t.co/rB6mgdFTH2",-1,0,0,0
2018-04-10 01:17:38,Hoje t√° f√°cil completar o Bingo #OOutroLadoDoPara√≠so,0,0,0,0
2018-04-14 00:55:27,#OOutroLadoDoParaiso https://t.co/Y7O0n5u6Lg,0,0,0,0
2018-04-11 01:00:55,"Pra neta t√°  ouvindo ""eles"" √©  sinal que Mercedes t√°  subindo no telhado n√©?ü§îü§∑ü§§ #OOutroLadoDoParaiso",-1,0,0,0
2018-04-12 19:00:36,"Sobre o delegado #bruno
#OOutroLadoDoParaiso @CaioPaduan",0,0,0,0
2018-04-11 01:01:04,A Cl√©o t√° come√ßando a ouvir as vozes! #OOutroLadoDoParaiso,0,0,0,0
2018-04-14 00:25:29,A Beth lutando conseguiu convencer o m√©dico a doar rim para Adriana #OOutroLadoDoPara√≠so,0,0,0,0
2018-04-12 00:07:54,"OS PROBLEMAS QUE EST√ÉO ESCRITOS PRA ACONTECER NO MUNDO N√ÉO PODEM SER EXTINTOS,MAS PODEM SER MINIMIZADOS PELA NOSSA‚Ä¶ https://t.co/Va1lIFCWWO",0,1,0,0
2018-04-11 01:17:50,"porra at√© as piranhas casando kk e eu a "" recatada do lar"" nada lkkkkkkkk #OOutroLadoDoPara√≠so",1,0,0,0
2018-04-14 00:34:21,Bolsonaro √© denunciado no STF pelo crime de racismo #bbb18 #ooutroladodoparaiso https://t.co/fZFnLH26se,0,0,0,0
2018-04-12 00:00:07,Minha cara qndo Raquel disse q n√£o sabe se ama o Bruno como antigamente... #OOutroLadodoParaiso https://t.co/tQsj3AlRN4,0,0,0,0
2018-04-12 00:01:18,Raquel #OOutroLadoDoPara√≠so https://t.co/y5FAVlGamR,0,0,0,0
2018-04-12 00:34:12,"Hoje ap√≥s uma desintoxica√ß√£o eu deixei a novela rolar, fazendo outras coisas pra ver o lance da Sofia, foi s√≥ a Adr‚Ä¶ https://t.co/gjm2j1hKYi",0,-1,0,0
2018-04-12 00:21:12,Sdds Beatriz numa hora dessas. #OOutroLadoDoPara√≠so https://t.co/wY7JuqyEUN,0,0,-1,0
2018-04-10 00:25:53,"Clara: ""Eu nunca esqueci o Gael""
 #OOutroladodoparaiso",0,0,0,0
2018-04-14 00:52:59,beth tem favoritismo de filha sim #OOutroLadoDoParaiso https://t.co/npDnFBKKRW,-1,0,0,0
2018-04-14 00:55:05,"Do jeito que Adriana √©. Ela vai julgar a m√£e....

#OOutroLadoDoParaiso",-1,0,0,0
2018-04-14 01:26:21,#OOutroLadoDoPara√≠so minha rea√ß√£o com o plant√£o da Globo https://t.co/ADbhGqhRoG,0,0,0,0
2018-04-10 01:10:23,"Algu√©m sabe se o Tomaz, filho da Clara, participa da novela ainda? Nunca mais ouvi falar... #OOutroLadoDoParaiso https://t.co/1CI6O2FxiU",0,0,0,0
2018-04-13 01:04:00,Mariano n√£o morreu ?üò≥ #OOutroLadoDoPara√≠so,0,0,0,0
2018-04-10 01:34:00,Dona Mercedes t√° mais pedida que a senha do wi-fi #OOutroLadoDoPara√≠so,1,0,-1,0
2018-04-13 01:26:01,Thomaz se a clara ganhar a guarda e ele ter que ir morar com ela #OOutroLadoDoParaiso https://t.co/IwyrgPTHsa,0,0,0,0
2018-04-11 01:21:07,"#OOutroLadoDoPara√≠so Dava para abrir uma ag√™ncia de modelos, se unisse o Bordel e a Mina.",0,0,0,0
2018-04-12 00:34:15,E n√£o √© q ele sabe a senha do cofre?!  #OOutroLadoDoPara√≠so,0,0,0,0
2018-04-11 00:55:27,"A Sophia defendendo as primas, faz todo sentido ja que ela era uma. #ooutroladodoparaiso",0,0,1,0
2018-04-14 00:25:12,#OOutroLadoDoParaiso https://t.co/Ht5cLk5DTK,0,0,0,0
2018-04-12 00:10:56,"Mas gente, quando Gael virou a Santa √çndia Serena? #OOutroLadoDoPara√≠so",0,0,0,0
2018-04-14 00:27:03,"Beth mostrando que o amor de m√£e e algo inexplic√°vel mano, e isso a√≠ bora salvar a embuste mesmo 
#OOutroLadoDoParaiso",1,-1,0,0
2018-04-11 01:14:34,"O bordel vai faliir 
#OOutroLadoDoPara√≠so",0,0,0,0
2018-04-11 01:30:04,"Clara: quer tomar suco? VAI TOMAR NA SUA CASA... 
#OOutroLadoDoParaiso https://t.co/YRLwpFrTd7",0,0,0,0
2018-04-13 01:28:53,Mariano da novela morreu? #OOutroLadoDoPara√≠so,0,0,0,0
2018-04-11 00:39:27,#OOutroLadoDoParaiso o boy faz mestrado bem lingu√≠stica aplicadaaaa,0,0,1,0
2018-04-13 01:43:58,"Patrick fugiu da Adriana, isso sim, so volta qdo a barra estiver limpa #OOutroLadoDoParaiso",1,0,0,0
2018-04-12 00:34:10,"Desculpem mas vejo o  Gael parece que estou vendo o Candinho ""et√¢ mundo bom"" #ooutroladodopara√≠so",0,1,0,0
2018-04-13 01:08:30,A porta da casa da Clara certamente pagaria os sal√°rios da firma toda #OOutroLadoDoPara√≠so,1,0,0,0
2018-04-11 01:34:37,üò± #OOutroLadoDoParaiso,-1,0,1,0
2018-04-11 00:47:42,Eu j√° estava me petguntanxo por que a N√°dia n√£o estavam fazendo suas fantasias #OOutroLadoDoParaiso,0,0,0,0
2018-04-11 00:49:12,a nadia botando o macho de quatro e dando chicotada #OOutroLadoDoParaiso https://t.co/xyc6VaDJkm,0,0,0,0
2018-04-13 02:16:12,"eVamos transformar o Preconceito em Respeito!
N√≥s somos assim! E da√≠?
#MTVAYTOBR #OOutroLadoDoParaiso‚Ä¶ https://t.co/YqNEdP9anv",1,0,0,0
2018-04-12 00:05:06,"Gente, ser√° que o Patrick vai mesmo encontrar a Beatriz viva no hosp√≠cio? Seria o melhor jeito da Clara ganhar essa‚Ä¶ https://t.co/ynamw0VUM8",0,1,0,0
2018-04-10 00:36:13,"""Vc vai encontrar algu√©m que te ame."" (Clara) ""N√£o vou n√£o. N√£o me apaixono assim. Sei que vou te amar pro resto da‚Ä¶ https://t.co/suoQHXDGyv",0,0,0,0
2018-04-12 00:00:57,Enquanto isso o Patrick t√° se preparando para ganhar a causa  #OOutroLadoDoPara√≠so,0,1,0,0
2018-04-14 00:53:39,"#OOutroLadoDoParaiso
T√° certo q eles n se v√™em a n√£o sei quanto tempo e num bjinho rola? https://t.co/ASxXf7C9yy",0,0,-1,0
2018-04-12 00:34:50,Achoouu #OOutroLadoDoParaiso,0,0,1,0
2018-04-14 01:12:28,"Sexta 13, plant√£o da Renata
 Lo Prete.
Se vc se ""borrou"" a√≠ tbm, me adiciona! #OOutroLadoDoPara√≠so  #plant√£odaglobo https://t.co/lbEAkdSi5P",0,0,0,0
2018-04-10 00:42:44,"A mulher cortou a pizza , ia comer mas pos de volta no prato ,cortou dnv e bebeu a cerveja.  #OOutroLadoDoParaiso",0,0,0,0
2018-04-12 00:05:07,Clara tem que confiar no Patrick #OOutroladoDoParaiso,-1,1,0,0
2018-04-11 01:17:24,Eu nunca vi mulher da vida (n√£o quis dizer quenga pq √© muito ofensivoüôä)  casar t√£o r√°pido quanto nesse bordel minha‚Ä¶ https://t.co/X9kgE1hiZO,0,0,-1,0
2018-04-10 01:44:12,"Samuel flertou com o limpador de vidros, com o comprador de esmeraldas, com a vers√£o Cido frentista e com o entrega‚Ä¶ https://t.co/hCYyDpJBU0",0,0,0,0
2018-04-14 00:49:04,"O S√©rgio Guiz√© √© veiudo, n√©? 

#OOutroLadoDoPara√≠so",0,0,-1,0
2018-04-13 01:01:12,Quero ver meus protagonistas Clarick #OOutroLadoDoPara√≠so,0,0,0,0
2018-04-11 01:13:21,Dona Caetana mais l√∫cida que muita gente #OOutroLadoDoPara√≠so,0,0,1,0
2018-04-11 01:36:22,"Walcyr poderia fazer uma enquete com os telespectadores para que a gente decida o final de alguns casais, por exemp‚Ä¶ https://t.co/FMsG4PQypA",0,0,0,0
2018-04-11 01:29:03,Acho Clara muita paciente e evolu√≠da. Pq se sou eu com essa mo√ßa eu nem tinha aberto a porta pra ela. Chata pra car‚Ä¶ https://t.co/QcrtfF3Nbj,-1,0,1,0
2018-04-14 01:20:02,"- Casa logo com ele Estela!
- Ele t√° cego, mas o resto deve t√° funcionando! 
Com selo #ChuckNorris‚Ä¶ https://t.co/KcgUkGxrA7",1,0,0,0
2018-04-14 01:26:08,Diz que ela n√£o morreu diz #OOutroLadoDoPara√≠so,-1,0,0,0
2018-04-12 14:30:28,Ontem a Raquel  j√° combinou  com a Clara de ir na m√£e  do quilombo. Beba #OOutroLadoDoPara√≠so,0,0,0,0
2018-04-14 23:11:39,Gael vai levar um tiro na barriga quase vai dessa pra melhor e n√£o vai servir pra nada porque Clara vai ficar com P‚Ä¶ https://t.co/E6IMMv7WOS,-1,0,0,0
2018-04-10 00:51:12,Chega logo! #Carcereiros #OoutroLadoDoPara√≠so https://t.co/TODDdhJsn1,0,0,1,0
2018-04-11 00:50:00,"@FelipeTitto est√° carregando a novela dentro da cueca? Kk
#OOutroLadoDoPara√≠so",1,0,-1,0
2018-04-10 01:15:46,"Melissa e Diego 

Eu:

#OoutroLadoDoPara√≠so https://t.co/YbPk5MeSrw",0,0,0,0
2018-04-11 00:58:31,"Sobre Z√© Vitor, Diego e Melissa #OOutroLadoDoPara√≠so https://t.co/jqSibgXrrB",0,0,0,0
2018-04-11 05:05:17,#OOutroLadoDoParaiso como a L√≠via est√° gr√°vida? Me lembro muito bem que ela nunca ia gravidar. Por isso ela queria‚Ä¶ https://t.co/JuFrBFHPr7,0,0,-1,0
2018-04-11 01:01:30,#OOutroLadoDoPara√≠so Cl√©o herdando o dom da dona Mercedes https://t.co/cT9oUOfGSS,0,0,0,0
2018-04-11 01:30:00,"Clara vai pedir ajuda de Patrick para colocar o plano em pr√°tica ü§´

#PortalAmazonia #OOutroLadoDoParaiso

https://t.co/TNMfQVe5QN",0,0,0,0
2018-04-14 01:11:09,"Eu de boa assistindo #OOutroLadoDoParaiso e do nada: ""Pam"" #Plant√£oDaGlobo https://t.co/hQeWXBAw6i",0,0,0,0
2018-04-13 19:28:19,@TaiSantos2018 @Teledramaturgia Seria assim mesmo mas a novela mostra √© com deveria se mas o povo n√£o perdoa tem ta‚Ä¶ https://t.co/zwECVKX6SH,0,-1,0,0
2018-04-14 00:59:15,"Como eu fico quando o Gael chega na casa da Clara: 

#OOutroLadoDoPara√≠so https://t.co/bCWsvPPrUd",0,0,0,0
2018-04-13 01:35:06,"#OOutroLadoDoPara√≠so
Gael vai entregar a cobra",0,0,0,0
2018-04-10 00:57:49,"""Uma pessoa generosa pensaria"" Pisa menos, Henrique #OOutroLadoDoParaiso https://t.co/eOMsoLhNXQ",-1,0,1,0
2018-04-12 14:49:26,Walcyr Carrasco d√° pista de que Clara vai casar no fim de '#OOutroLadoDoPara√≠so' https://t.co/dpGaL4tDcL,0,0,0,0
2018-04-14 00:35:03,Xod√≥ vai virar isca? #OOutroLadodoParaiso,0,0,0,0
2018-04-12 16:52:58,Bruno Montaleone que est√° no ar como Johnny em #OOutroLadodoPara√≠so far√° a pr√≥xima novela da 7 #OTempoN√£oPara que e‚Ä¶ https://t.co/mYygRkp3dm,0,0,0,0
2018-04-11 01:14:30,#ooutroladodoparaiso penso na Wilma m√£e do menino Pedrinho ela o sequestrou ficou anos com o menino e a filha mais‚Ä¶ https://t.co/G3OW4T4bS2,0,0,0,0
2018-04-11 01:18:19,"Um casamento sem a Clara de madrinha e pagando lua de mel ? 
#OOutroLadoDoParaiso",0,0,0,0
2018-04-12 18:11:00,"‚ÄòO Outro Lado do Para√≠so‚Äô: ap√≥s recusa de doar rim, Beth detona J√¥ e a desmascara https://t.co/ZMtXAMpMtw‚Ä¶ https://t.co/sryzVwJlOH",0,0,0,0
2018-04-14 00:40:22,Depois de tudo que o Samuel fez com o Cido. Acho que ele n√£o merece ele mais n√£o! Ele fez muita hora com a cara do Cido #OOutroLadoDoParaiso,-1,0,0,0
2018-04-13 03:08:33,"Observando o di√°logo de Adriana #OOutroLadoDoPara√≠so  com pai at√© n√≥s √∫ltimos, momentos agente se preocupa com os o‚Ä¶ https://t.co/l5v6ZECfz9",0,-1,0,0
2018-04-12 00:12:24,#OOutroLadoDoPara√≠so.  Gael juntou as figurinhas. Constatou a crueldade da m√£e.,0,0,0,0
2018-04-14 00:36:18,Samuel t√° doido pro Cido enfiar a mangueira no tanque dele #OOutroLadoDoPara√≠so,1,0,0,0
2018-04-14 01:10:05,Puta que pariu! Guerra na S√≠ria! #Plant√£o #OOutroLadoDoParaiso,0,0,0,0
2018-04-14 01:18:30,"Fadom #Clarick se preparando para o enterro de Renato kkkk
#OOutroLadoDoParaiso https://t.co/3AiUBA4IBz",1,0,0,0
2018-04-11 01:14:55,"Esse bordel vai fechar com as quengas tudo casando
#OOutroLadoDoPara√≠so",0,0,0,0
2018-04-14 01:25:50,Sempre o Plant√£o da Globo aparece quando ta passando as cenas do bordel LEVEI UM SUSTO #OOutroLadoDoPara√≠so,-1,0,0,0
2018-04-11 01:26:48,Bruno j√° levou tanto fora que j√° pode pedir umas 7 m√∫sicas no Fant√°stico. #OOutroLadoDoPara√≠so,1,0,0,0
2018-04-13 01:28:46,#OOutroLadoDoPara√≠so ser√° que agora o  p√∫blico tem raiva da Adriana? :O,0,-1,0,0
2018-04-11 01:10:04,"Clara poderia ficar com o filho da Livia, criar desde de pequeno (que a Livia roubou dela). e chamar ele de filho tb #OOutroLadoDoParaiso",0,0,0,0
2018-04-11 01:18:05,A clara at√© agora n√£o apareceu. A tend√™ncia ent√£o nessa reta final s√£o os n√∫cleos secund√°rios aparecerem menos?! ü§î#OOutroLadoDoPara√≠so,-1,0,0,0
2018-04-14 00:32:22,O temor do Senhor √© o princ√≠pio da sabedoria; todos os que cumprem os seus preceitos revelam bom senso. Ele ser√° lo‚Ä¶ https://t.co/A6fuC2NCtc,0,0,0,0
2018-04-12 22:53:08,"Se voc√™ enxergar o que est√° por tr√°s de todas as coisas sem exce√ß√£o, ent√£o tudo se tornar√° transparente para voc√™.‚Ä¶ https://t.co/JmVu3utUzr",0,1,0,0
2018-04-12 00:33:54,"Brinco de Mariano: claro que a assassina ia guardar um objeto da v√≠tima.

#OOutroLadoDoPara√≠so https://t.co/WHfpS1VTUq",0,0,0,0
2018-04-14 10:59:05,Sobre #OOutroLadoDoParaiso : https://t.co/5y3o4JNWts,0,0,0,0
2018-04-13 00:49:35,"""Doa seu rim pra Adriana, por favor""
- NUNCA

PISA JOOOOOO #OOutroLadoDoPara√≠so. https://t.co/xTpxKbFhKk",-1,0,1,0
2018-04-11 01:11:24,Pisa menos Grazi Massfera #OOutroLadoDoPara√≠so,-1,0,1,0
2018-04-13 01:06:43,Queria ter a coragem do Z√© Victor pra afrontar a Sofia pra levantar da cama ... Doido pra pegar uma tesourada #OOutroLadoDoPara√≠so,0,1,0,0
2018-04-11 01:08:29,A rea√ß√£o n√£o foi bem como ela esperava... #OOutroLadoDoPara√≠so https://t.co/ytW6TYUuia,0,0,0,0
2018-04-12 00:25:35,"DEEEEEUS QUE REVIRAVOLTA √â ESSA???????????
#OOutroLadoDoParaiso",-1,0,1,0
2018-04-14 03:03:55,"Walcyr vai levar a lei do retorno pro Renato muito a s√©rio. Por ter matado Beatriz, o mesmo vai ser morto pelo Patr‚Ä¶ https://t.co/5fwFDGcqcD",0,0,0,0
2018-04-12 00:27:13,"a Beth quase arrancou o rim da J√¥ no dente

#OOutroLadoDoParaiso",0,0,0,0
2018-04-14 02:47:15,"Amores irei voltar com o meu canal em breve! Se inscrevam üíú‚úî

‚Ä¢ https://t.co/lj2zsctZsw

#YouTube #BoaNoite #√Åries‚Ä¶ https://t.co/YivpxCVpfz",0,0,0,0
2018-04-14 01:08:16,Ser√° que esse d√≥lar √© de verdade? T√° f√°cil demais. A mulher dona do bordel e fica com cerim√¥nia para cobrar a noite‚Ä¶ https://t.co/ykMBUnuZfz,-1,0,0,0
2018-04-14 00:24:50,"Samuel se comoveu com o desespero de Beth
#OOutroLadoDoParaiso
#Clarick",0,0,0,0
2018-04-11 15:08:09,"li√ß√£o de vida: trabalhem no puteiro love chique, porque vcs v√£o casar rapidinho!! #OOutroLadoDoParaiso",1,0,0,0
2018-04-10 01:02:07,O filho da Clara n√£o apareceu mais #OOutroLadoDoParaiso,0,0,0,0
2018-04-12 00:36:52,"Patrick trabalhou,Xod√≥ tudo contou,Gael se chocou,Mercedes aconselhou,Beth visitou,Adriana escrotizou,J√¥ a doar rim‚Ä¶ https://t.co/ZcpCKvad3f",0,0,0,0
2018-04-14 23:26:54,"Esperando o teaser sair e j√° perceber de cara q s√≥ ele j√° pissssa no bodrio , no Circ√£o. #OOutroLadoDoCirco‚Ä¶ https://t.co/5W737C9Pei",-1,0,0,0
2018-04-14 01:10:09,"PLANT√ÉO MEU CORA√á√ÉO PARA
#OOutroLadoDoParaiso",0,0,0,0
2018-04-12 00:09:47,Todos duvidam da capacidade da Sophia de matar um homem. N√£o subestimem as pessoas #OoutroLadoDoPara√≠so,0,0,0,0
2018-04-11 01:33:51,"Cheguei pro #BBB18, mas ainda t√° passando #OOutroLadoDoPara√≠so https://t.co/yUd7D7KJKy",0,0,0,0
2018-04-14 01:26:21,"#OOutroLadoDoPara√≠so 
Beatriz vai ""Reviver""",0,0,0,0
2018-04-14 00:24:40,#OOutroLadoDoPara√≠so Por qu√™ Beth n√£o recebe um f√≠gado de transplante tamb√©m? Doa um rim e recebe um peda√ßo de um f‚Ä¶ https://t.co/b2s45FYfYL,0,0,0,0
2018-04-14 01:11:12,Segredo da dona Caetana: chave de ppk #OOutroLadodoParaiso,0,0,0,0
2018-04-10 19:55:56,"Globo SP 09/04

#Celebridade 14,1
#Malhacao 18,1
#OrgulhoEPaixao 22,1
#DeusSalveORei 26,6 
#OOutroLadoDoParaiso 42,2
#BBB18 30,8",0,0,0,0
2018-04-14 00:45:38,Esse Bruno Gagliasso velho no comercial da Renault me deixou com uma sensa√ß√£o de ter 200 anos #OOutroLadoDoPara√≠so,0,0,0,0
2018-04-10 00:32:04,Quero Leandra e Gael juntos no final porra! #OOutroLadoDoPara√≠so,-1,1,0,0
2018-04-11 00:56:53,"E o Mariano vai voltar pra cobrar, aguarde Sophia #OOutroLadoDoPara√≠so",0,0,0,0
2018-04-14 00:50:44,Souphria esta desconfiadona hein. #OOutroLadoDoPara√≠so,0,0,0,0
2018-04-11 00:45:06,"Pau que nasce torto, nunca se endireita #OOutroLadoDoParaiso https://t.co/xzoafBN86G",0,0,0,0
2018-04-11 01:31:05,"""Eu ia aceitar o acordo"" #OOutroLadoDoPara√≠so https://t.co/7XwqYpV2JZ",0,0,0,0
2018-04-10 01:16:13,Diego j√° pode pedir m√∫sica no Fant√°stico. O terceiro casamento em menos de 1 ano #OOutroLadoDoParaiso,0,0,0,0
2018-04-11 01:16:05,"Em qual bordel que o autor da novela andou indo que n√£o tinha mulher da vida, s√≥ tinha noiva? T√° louco kkkkkkkkkkkkkkk #OOutroLadoDoParaiso",1,0,-1,0
2018-04-13 01:34:12,"E a√≠, ser√° que a Beth convenceu? Existe um limite no amor de m√£e? #OOutroLadoDoPara√≠so #GloriaNaNovela",0,0,0,0
2018-04-11 09:45:57,Uma consulta com a dona Mercedes √© pedir muito ??? #OOutroLadoDoParaiso,1,0,0,0
2018-04-11 01:15:05,"Bordel que me aguarde... T√î PRECISANDO CASAR TAMB√âM
#OOutroLadoDoPara√≠so https://t.co/8c0RqLa6kB",1,0,0,0
2018-04-11 01:31:30,Gente. Por um momento eu achei que a Clara ia mandar a mulher tomar no cu hahaha #OOutroLadoDoParaiso,1,0,0,0
2018-04-10 01:29:41,#OOutroLadoDoPara√≠so O TOMBO DE QUEM ACREDITA NA CURA GAY,-1,0,1,0
2018-04-12 00:15:39,"Adriana: a

Eu: #OOutroLadoDoPara√≠so https://t.co/mVWZ64RCUu",0,0,0,0
2018-04-12 14:52:29,"M√©dicos avisam que Adriana tem apenas um m√™s de vida. OMG!üò±
https://t.co/XaR0ABuFo4 #OOutroLadoDoPara√≠so https://t.co/Qf2a39bRUr",0,-1,1,0
2018-04-14 22:59:55,"A Clara de vingativa n√£o tem √© nada. L√≠via, a Nazar√© de Taubat√©, vai sair ilesa, o Gael estuprador bastou ficar um‚Ä¶ https://t.co/gwfFOght5L",-1,0,0,0
2018-04-13 14:25:14,O Outro Lado do Para√≠so: #Mariano est√° sob os cuidados da Grande M√£e - #OOutroLadoDoPara√≠so - https://t.co/KgqWHsAzoI,0,0,0,0
2018-04-12 00:31:28,"""Nossa,gael vc est√° muito mudado""

Todo ser humano pode recome√ßar,at√© mesmo embustes. 

#OOutroLadoDoPara√≠so",1,0,0,0
2018-04-10 01:11:58,Quem puder depois assistir essa palestra do Ted de um ju√≠za que julgava casos de viol√™ncia contra a mulher e ajudou‚Ä¶ https://t.co/CvVDyw0q5u,0,0,0,0
2018-04-12 00:09:10,Xod√≥ falando a verdade pro Gael #OOutroLadoDoPara√≠so,0,0,1,0
2018-04-14 00:40:48,"#OOutroLadoDoPara√≠so T√° alegre porque deu, e deu gostoso.. pronto falei https://t.co/MZ6dGDJ7LA",-1,1,0,0
2018-04-10 00:56:10,nicolau √© t√£o banana mas eu faria #OOutroLadoDoParaiso,1,-1,0,0
2018-04-12 00:35:18,"Que f√°cil achar esse brinco.
#OOutroLadoDoParaiso",0,1,-1,0
2018-04-13 01:32:03,"Adriana t√° morrendo e no momento mais cr√≠tico da vida dela quem t√° la do lado √© o Nicolau. 
E o Patrick t√° fazendo‚Ä¶ https://t.co/NrQPQdx44k",0,0,0,0
2018-04-12 00:02:33,"S√≥ observo a Raquel dando papo errado pra clara, j√° quero o Patrick sambando na cara das duas...‚Ä¶ https://t.co/064Q4Qib3d",-1,1,0,0
2018-04-14 01:26:25,"Patrick √© o cara que tem o esp√≠rito investigativo no sangue. 
J√° pego meu bloquinho e caneta.
- Vim perguntar de Be‚Ä¶ https://t.co/7aNJLaIswV",1,0,0,0
2018-04-13 00:40:06,Onde est√° escrito que a J√¥ tem que doar o rim? #OOutroLadoDoPara√≠so,-1,0,0,0
2018-04-12 00:26:44,Agora a Adriana vai parar de cheirar o cu da J√¥ dps q saber q ela n√£o quis doar o rim mesmo sendo compat√≠vel e vai‚Ä¶ https://t.co/UlXkCFFo8l,-1,0,0,0
2018-04-10 00:54:23,√â a Cynthia Falabella? #OoutroLadoDoPara√≠so https://t.co/CTPdEtIQTT,0,0,0,0
2018-04-14 01:30:15,ser√° que pra saber esses ‚Äútruques‚Äù da D. Caetana tem que assinar a Globo Play? #OOutroLadoDoParaiso,-1,0,0,0
2018-04-11 01:17:33,"A audi√™ncia dessa novela das 21:00 hs. da Globo deve ser total l√° na Locomotiva, na Creuza e na Ver√¥nica... s√≥ est√£‚Ä¶ https://t.co/H1IpWnro5v",0,0,0,0
2018-04-12 21:40:28,O OUTRO LADO DO PIRIQUITO - Cap.18 by @lasbibas https://t.co/uyfiayaOhf  #OOutroLadoDoPara√≠so,0,0,0,0
2018-04-12 00:15:21,"Beth, sua filha sou eu #OOutroLadoDoParaiso https://t.co/TRRGwndUbg",0,0,0,0
2018-04-14 00:22:40,Beth desesperada #OOutroLadodoParaiso,-1,0,0,0
2018-04-13 01:37:42,"""Mariano t√° morto. Foi minha m√£e que matou"", nunca critiquei o Gael. #OOutroLadoDoPara√≠so",0,0,1,0
2018-04-11 00:50:14,"""D. Nadia foi pedir desculpa pelos coment√°rios maldosos que fez"" 
Leia-se: 
""Fez coment√°rios racistas, injurias, co‚Ä¶ https://t.co/sOu8fKjrto",0,0,-1,0
2018-04-12 00:30:35,Como assim vc n√£o vai doar seu rim?  #OOutroLadoDoParaiso #OOutroLadoDoParaiso https://t.co/OkRaDlCrXa,0,0,0,0
2018-04-12 00:33:01,Gael so vai atras do brinco do Mariano pq enjoou do que ele usa... quis renovar √â ISSO! #OOutroLadoDoPara√≠so,-1,0,0,0
2018-04-12 00:31:12,"Belo irm√£o que o Gael √©, a Livia pede sorvete de Baunilha e ele pede de chocolate #OOutroLadoDoParaiso",-1,1,0,0
2018-04-14 17:18:00,O Outro Lado do Para√≠so: Sophia terminar√° em hosp√≠cio - #OOutroLadoDoParaiso https://t.co/PlAqf0Bn0k,0,0,0,0
2018-04-10 01:15:02,""" #amores s√£o como sarampo, chegam, causam um estresse e passam."" Dona N√°dia #OOutroLadoDoParaiso",0,-1,0,0
2018-04-14 01:27:12,"Patr√≠ck vai achar merdas!!

#OOutroLadoDoParaiso",-1,0,0,0
2018-04-10 01:03:41,cena de clara e gael #OOutroLadoDoPara√≠so https://t.co/evTNXKjtvl,0,0,0,0
2018-04-11 01:30:51,"Vem a√≠ a nova novela da Globo:

O OUTRO LADO DO BORDEL

AUTORES: DONA CAETANA E MENINAS DO BORDEL‚Ä¶ https://t.co/PjNM4JzaXO",1,0,0,0
2018-04-14 00:41:05,"Quero casamento entre Cido e Samuel no fim, se n√£o tiver isso, melhor refazer!!!!!! 

#OOutroLadoDoPara√≠so",1,0,0,0
2018-04-14 00:24:23,#OOutroLadoDoParaiso https://t.co/DSFAxbNmnX,0,0,0,0
2018-04-11 01:29:20,"#OOutroLadoDoParaiso Bruno ja chega n√© maninho toma vergonha meu filho, deixa a raquel pra l√° e vem ficar comigo",1,0,-1,0
2018-04-14 01:25:02,Patrick podia tanto encontrar a tia agora #OOutroLadodoParaiso,-1,0,0,0
2018-04-14 00:55:15,"Se a beth contar pra adriana ela nao vai querer o rim
Mas se se ela nao falar e morrer na mesa de cirurgia a adrian‚Ä¶ https://t.co/RQufPvtD01",0,0,0,0
2018-04-10 01:00:42,"""N√£o vou deixar ele se aproveitar da fragilidade da Dri para dar o golpe."" J√¥
""Igual voc√™ fez comigo."" Henrique

Qu‚Ä¶ https://t.co/obTbqCKrZj",0,0,0,0
2018-04-11 22:59:35,"Se Deus n√£o atender os seus pedidos de mudar alguma coisa em sua vida, √© porque Ele est√° tentando mudar o seu coraƒá‚Ä¶ https://t.co/5B1HDC9FRM",0,0,0,0
2018-04-12 00:26:41,#ooutroladodoparaiso que tombo,-1,0,0,0
2018-04-12 00:38:52,"T√¥ aqui pensando, se o Z√© Vitor tamb√©m testemunhou, como que ele e o Xod√≥ n√£o viram um ao outro?! ü§î #OOutroLadoDoPara√≠so",0,0,-1,0
2018-04-11 01:16:30,Bordel vai fechar ne? As meninas est√£o todas casando #OOutroLadoDoPara√≠so,0,0,0,0
2018-04-11 01:34:28,"#OOutroLadoDoPara√≠so Que foi esse olhar do Patrick para o Renato? Hom√£o da porr...toda. Rei da novela, que fala n√©?",0,0,1,0
2018-04-14 01:27:21,S√≥ falta a tia aparecer viva kkkkk pq essa novela adora fazer a maluca  #OOutroLadoDoParaiso,1,0,-1,0
2018-04-14 00:48:15,"Gael o investigador ü§î

#OOutroLadoDoParaiso",0,0,0,0
2018-04-14 01:24:27,Toma essa Adriana.... a m√£e q vc tanto despreza!!  #OOutroLadoDoPara√≠so,-1,0,0,0
2018-04-14 00:53:15,"Clara faz de tudo pra Beth, mas Beth s√≥ fala da Adriana #OOutroLadoDoParaiso",-1,0,0,0
2018-04-12 00:19:06,Pedi pra J√¥ (Adriana) tu m√£ezinha querida #OOutroLadoDoPara√≠so,-1,0,0,0
2018-04-12 00:03:25,"A BEATRIZ T√Å VIVA AAAAAA 
#OOutroLadoDoPara√≠so",0,1,0,0
2018-04-12 22:40:35,https://t.co/IHS8MRACG2 musica Consolador damares #QuintaDetremuraSDV #BBB18 #Apocalipse103 #OoutroLadoDoPara√≠so‚Ä¶ https://t.co/NqJG9E9iJx,0,0,0,0
2018-04-11 00:35:50,Samuel dando em cima dos machos parece #OOutroLadoDoParaiso,0,0,0,0
2018-04-10 01:32:12,Esquete de Zorra Total. Acontecia o mesmo em Amor √† Vida. #OOutroLadoDoParaiso https://t.co/3cOw9oJQyj,-1,0,0,0
2018-04-13 01:27:19,"Acho bizarro voc√™s metendo o pau na Livia, porque ela criou o menino e diz que ela quem √© m√£e dele. E quando √© na v‚Ä¶ https://t.co/OrqHXVbq0I",-1,0,0,0
2018-04-11 01:12:50,"quero que a L√≠via morra assim que tiver o filho, e ele seja criado pela Clara. √© o justo depois de tudo que a L√≠via‚Ä¶ https://t.co/ARPIN00o70",-1,0,0,0
2018-04-14 01:22:42,"Apareceu o plant√£o da Globo e eu achei que o Lula tinha fugido que susto ! 

#bbb18 
#ooutroladodoparaiso",0,0,0,0
2018-04-14 01:11:27,#OOutroLadoDoPara√≠so plant√£o da Globo https://t.co/GLICvg13qW,0,0,0,0
2018-04-13 00:53:46,‚ÄúEu vou salvar a Adriana. Vou salvar a minha filha. Nem que seja a √∫ltima coisa que eu fa√ßa na minha vida.‚Äù‚Ä¶ https://t.co/55pWgtdLDG,0,0,0,0
2018-04-14 01:24:03,"Eu entendi o Henrique dizer: ""Voc√™ vai ganhar um R√≠mel, amor"" #OOutroLadoDoParaiso",0,0,0,0
2018-04-11 01:08:46,#OOutroLadoDoPara√≠so: Comentei sobre o sumi√ßo do Tomaz e ele apareceu em um passe de m√°gica. https://t.co/CM5v4Ve9uI,0,0,0,0
2018-04-12 00:10:11,"Rapazzzzzz, xod√≥ jogando a merda toda no ventilador!!! #ooutroladodoparaiso",1,-1,0,0
2018-04-10 01:19:37,cad√™ os artigos nesses sites de not√≠cias sobre a volta clarick??? #OOutroLadoDoParaiso,0,0,0,0
2018-04-14 00:50:27,"L√≠via ele est√° vindo, aja na naturalmente!
- Sophia, Thomas tirou √≥timas notas. Deixa eu te mostrar!
- Voc√™ est√° to‚Ä¶ https://t.co/dPDTyvg0mw",0,0,0,0
2018-04-13 00:39:14,"√©, parece que dessa vez os crimes da Sophia v√£o ser descobertos #OOutroLadoDoParaiso",-1,0,0,0
2018-04-13 01:28:28,√â Dri a J√¥ nunca te amou. E vc desprezando a Beth. #OOutroLadoDoPara√≠so,-1,0,0,0
2018-04-11 00:46:39,"""isso ai nao √© um bom sinal"" q vc esteja certo odair #OoutroLadoDoPara√≠so",0,0,0,0
2018-04-14 01:26:57,Conta logo  #OOutroLadoDoPara√≠so,0,0,0,0
2018-04-13 00:21:05,"Eu e meu controle numa troca de canal constante, entre #apocalipse e #OOutroLadoDoParaiso . 
#apocalipse103 https://t.co/6f6m1WalZZ",0,0,0,0
2018-04-12 00:17:20,"Aaaa mais que d√≥ do Gael, um bebezinho desse sofrendo
#OoutroladodoParaiso",1,0,-1,0
2018-04-11 16:31:19,O Outro Lado do Para√≠so: Sophia apanha de Clara ap√≥s ser desmascarada #OOutroLadodoPara√≠so https://t.co/bNALtwcbgI,0,0,0,0
2018-04-12 19:01:32,"Audi√™ncia PORTUGAL üáµüáπ Novelas
Quarta 11/04/18

1‚É£ #AHerdeira @aherdeiratvi 13,5
2‚É£ #Paix√£o 11,7
3‚É£ #VidasOpostasSic‚Ä¶ https://t.co/oHzquUFXrX",0,0,0,0
2018-04-14 01:16:45,"Plant√£o da Globo no meio de #OOutroLadoDoPara√≠so, s√≥ eu t√¥ passando mal aqui?

T√° pra nascer uma chamada mais assustadora do que essa.",0,0,0,0
2018-04-13 00:51:19,Ah! se na vida real as m√°scaras ca√≠ssem como em novelas #OOutroLadoDoParaiso,0,0,1,0
2018-04-10 00:44:29,"@mordomoeugenio Amigo, se voc√™ tivesse o poder de acabar com a corrup√ß√£o no pa√≠s, mas pra isso tivesse que assistir‚Ä¶ https://t.co/XFaUKOdlDe",-1,0,0,0
2018-04-11 00:51:27,O walcyr cria essas cenas so para satisfazer o fetiche de quem nao pode conquistar! #OOutroLadoDoParaiso https://t.co/J6JHIPNDKZ,1,0,-1,0
2018-04-11 01:21:52,Esse bordel da novela forma mais casal do que o Tinder e Happn juntos! #ooutroladodoparaiso,1,0,0,0
2018-04-12 00:24:59,"Laura √© The Flash dos exames de DNA e compatibilidade de √≥rg√£os

#OOutroLadoDoParaiso",0,1,0,0
2018-04-11 00:37:13,"#OOutroLadoDoParaiso
S√≥ eu que queria o Samuel e o entregador de pizza?",0,0,0,0
2018-04-14 01:25:18,Kristen Stewart de cal√ßas #OOutroLadoDoParaiso https://t.co/MJbh3nzaY6,0,0,0,0
2018-04-13 20:20:06,Clara volta com Patrick por descobrir que est√° gr√°vida dele #OOutroLadoDoParaiso,0,0,0,0
2018-04-14 01:10:57,Plant√£o da Globo #OOutroLadoDoParaiso https://t.co/Yjw6GPklRs,0,0,0,0
2018-04-11 23:54:58,Um m√™s para o fim #OOutroLadoDoPara√≠so,0,0,0,0
2018-04-12 22:26:37,#OrgulhoEPaix√£o &gt;&gt;&gt;&gt;&gt;&gt;&gt;&gt;&gt;&gt;&gt;&gt;&gt;&gt;&gt;&gt;&gt;&gt;&gt;&gt;&gt;&gt;&gt;&gt;&gt;&gt;&gt;&gt;&gt;&gt;&gt;&gt;&gt;&gt;&gt;&gt;&gt;&gt;&gt;&gt;&gt;&gt;&gt;&gt;&gt;&gt;&gt;&gt;&gt;&gt;&gt;&gt;&gt;&gt;&gt;&gt;&gt;&gt;&gt;&gt;&gt;&gt;&gt;&gt;&gt;&gt;&gt;&gt;&gt;&gt;&gt;&gt;&gt;&gt;&gt;&gt;&gt;&gt;&gt;&gt;&gt;&gt;&gt;&gt;&gt;&gt;&gt;&gt;&gt;&gt;&gt; #OOutroLadoDoParaiso,0,0,-1,0
2018-04-14 22:54:06,"""Eu tenho escutado algumas vozes..."" A v√©ia Mercedes fazendo escola #DeusSalveoRei #OOutroLadodoPara√≠so",-1,0,0,0
2018-04-10 01:16:40,minha morte agora sem falta #OOutroLadoDoPara√≠so,-1,0,0,0
2018-04-12 00:35:49,ser√° que Gael vai ser a pr√≥xima v√≠tima de Sofia? #OOutroLadoDoParaiso,0,0,0,0
2018-04-13 01:02:37,#OOutroLadoDoPara√≠so.  Delegado de Pedra Santa √© menos e mais um pouco menos.,-1,0,0,0
2018-04-13 16:13:53,J√¥ mostrando a üêç que √©... #OOutroLadoDoPara√≠so #Globoplay  https://t.co/xXIRA8h3rf,-1,0,0,0
2018-04-11 01:34:34,#OOutroLadoDoParaiso xod√≥ delicado como um garimpeiro na hora de dar not√≠cia ruim,-1,0,0,0
2018-04-11 00:33:23,"A Cleo j√° foi songa minha, depois quenga e agora D Mercedes mirim #OOutroLadoDoPara√≠so",0,0,0,0
2018-04-12 02:12:03,‚ÄòO Outro Lado do Para√≠so‚Äô: Gael morre como her√≥i para salvar Clara de Sophia; veja como ser√° a cena‚Ä¶ https://t.co/G61fSLppIE,0,1,0,0
2018-04-14 00:53:54,"#OOutroLadoDoPara√≠so  
Ser√° q a Beth morre?
Morre ND vaso ruim n quebra kkk",1,0,-1,0
2018-04-14 00:21:26,"""Mariano t√° morto,foi minha M√£e quem matou."" (Gael) #OOutroLadoDoPara√≠so",0,0,0,0
2018-04-14 01:14:47,daria tudo pra saber os segredos que dona Caetana fala para as meninas kkkkkkkkkkk #OOutroLadoDoPara√≠so,1,0,0,0
2018-04-11 01:14:44,"As quenga e os maridu
#OOutroLadoDoPara√≠so",0,0,0,0
2018-04-14 01:27:41,Ser√° que Beatriz t√° viva? #OOutroLadodoPara√≠so,0,0,0,0
2018-04-13 01:13:36,"#OOutroLadoDoParaiso @WalcyrCarrasco @MauroMendoncaF eu acho que o Gael n√£o deveria morrer n√£o, ele teve os problem‚Ä¶ https://t.co/Cuys6rTrNy",-1,0,0,0
2018-04-14 01:10:03,Meu cora√ß√£o parou com o plant√£o da globo #OOutroLadoDoParaiso,0,0,0,0
2018-04-12 12:58:48,"'Quirida', quenga s√≥ casa na novela. Voc√™ ainda vai continuar dando muito por pouco. üê†üíµ

#Nicoleü§∑‚Äç‚ôÄÔ∏è‚Ä¶ https://t.co/tQIlkwokEE",1,-1,0,0
2018-04-12 10:57:53,"Para quem n√£o conseguiu pegar, a senha do cofre da Sophia √© 1569.

#OOutroLadoDoParaiso",0,0,0,0
2018-04-10 01:31:51,"@FerRod Eu quero a Clara com o Patrick!! Clarick!!!
#OOutroLadoDoPara√≠so",1,0,0,0
2018-04-12 00:39:42,As roupinhas do Gael  #OOutroLadodoPara√≠so https://t.co/RYYqu7kIQW,0,0,0,0
2018-04-14 01:11:52,"AI MEU CORASSAUM
#OOutroLadoDoParaiso",0,0,1,0
2018-04-11 01:18:04,"Algu√©m sabe o endere√ßo do bordel? Quero ver se acho um marido tbm
#OOutroLadoDoPara√≠so",1,0,0,0
2018-04-13 01:07:11,"Patrick viajando atr√°s de uma solu√ß√£o Deus Ex Machina..
#OOutroLadoDoParaiso",0,0,0,0
2018-04-14 00:41:34,Cido e Samuel   #OOutroLadoDoParaiso https://t.co/zODWy25Z1Q,0,0,0,0
2018-04-14 03:26:58,S√©rgio Guiz√© e Bianca Bin aparecem juntos em academia #OOutroLadoDoParaiso,0,0,0,0
2018-04-14 00:41:24,Ih dr q aprontou #OOutroLadoDoParaiso,0,0,0,0
2018-04-13 01:03:56,"SOFIA VAI MATAR ZE VITOR TBM
#OOutroLadodoParaiso https://t.co/gmxcaEmNPe",0,0,0,0
2018-04-13 01:01:22,ESTE MULEKE NAMORADO DA SASHA PARECE O TAL VITTI... #OOutroLadoDoPara√≠so,0,0,0,0
2018-04-11 01:31:33,"Minha filha como voc√™ mesma repetiu a novela INTEIRA, PATRICK O MELHOR ADVOGADO CRIMINALISTA DO BRASIL. #OOutroLadoDoPara√≠so",-1,0,0,0
2018-04-14 01:23:39,#OOutroLadoDoParaiso a Beth √© m√£e da clara quando n√£o √© o Renan e o Henrique quando n√£o √© os dois juntos,0,0,0,0
2018-04-13 00:58:31,"S√≥ faltou o Henrique se chamar Luis Fernando. Pq Jo Soraya, teve. #OOutroLadoDoParaiso https://t.co/erkuq0Nf63",0,0,0,0
2018-04-11 01:02:58,Estou precisando de uma consulta com dona Mercedes para ela junto com eles me dizer os n√∫meros de mega sena #OOutroLadodoParaiso,1,0,0,0
2018-04-13 00:49:20,"Beth, n√£o se humilha desse jeito viado
#OOutroLadoDoParaiso https://t.co/BYOzHVwhJK",-1,1,0,0
2018-04-14 01:47:10,"Num sei por que, mas acho que a Sofia vai matar o Gael. Acho que o  Gael vai defender a Clara da Sofia e acaba morr‚Ä¶ https://t.co/X0PXEVZmZV",0,0,0,0
2018-04-11 01:12:33,MAIS UMA VAI CASAR #OoutroLadoDoPara√≠so,0,0,0,0
2018-04-10 00:44:54,"Samuel quando viu o Cido o cu n√£o entrou uma agulha, a carne da trigrete quase tava ficando fraca. #OOutroLadoDoParaiso",1,0,0,0
2018-04-13 00:33:11,1569 eu vi essa senha hein #OOutroLadodoParaiso,1,0,0,0
2018-04-14 00:21:37,"O Gael podia ficar com o Bruno tamb√©m, assim Raquel fica livre pro Radu e Clara pro Patr√≠ck. #OOutroLadoDoPara√≠so",0,0,0,0
2018-04-11 23:57:06,Cad√™ a torcida do #Bruquel? #OOutroLadoDoPara√≠so https://t.co/ri5FuLeyIL,0,0,0,0
2018-04-11 00:43:56,"Porra se o Samuel n√£o tava elogiando com segundas inten√ß√µes falando com o cara daquela forma, imagina se estivesse? #OOutroLadoDoPara√≠so",0,0,0,0
2018-04-14 23:17:08,"#Clarick
#PatrickReina
#OOutroLadoDoParaiso

Clara reata romance com Patrick e aceita se casar
Os ""shippadores"" do‚Ä¶ https://t.co/If9Hc8ozgk",0,0,0,0
2018-04-13 00:49:08,betty ama se humilhar  #OOutroLadoDoPara√≠so,0,0,0,0
2018-04-11 01:29:38,Fabiana safada!! #OOutroLadoDoParaiso,0,0,-1,0
2018-04-13 00:57:05,"""tem coisa que √© melhor n√£o entender"" #OoutroLadoDoPara√≠so",0,0,0,0
2018-04-14 00:41:15,Esse Samuel n√£o sossega essa periquita #OOutroLadoDoPara√≠so,-1,0,0,0
2018-04-11 01:30:48,"UAU
ESSA CARA DO PATRICK
#OOutroLadodoParaiso https://t.co/p2n9oYyYib",0,0,1,0
2018-04-14 01:19:50,"Estela e Amaro

#OOutroLadoDoPara√≠so https://t.co/IyKW2dNhGH",0,0,0,0
2018-04-12 00:35:49,"1569?! U√©, a senha era outra... #OOutroLadoDoPara√≠so",0,-1,0,0
2018-04-14 01:10:12,#OOutroLadoDoPara√≠so caraca vai atacar a S√≠ria... Jesus!,0,0,0,0
2018-04-11 01:01:59,Fico pensando se o fato de Cleo herdar o dom de Mercedes de ouvir vozes √© um indicativo de que Mercedes pode morrer‚Ä¶ https://t.co/75N8fWH4NT,0,0,0,0
2018-04-13 00:49:53,Seja macho Henrique e d√™ uns tapas na J√¥. #OOutroLadoDoPara√≠so,-1,0,0,0
2018-04-14 00:49:19,Eita sophia chegou #OOutroLadoDoParaiso,0,0,0,0
2018-04-12 00:26:16,"A Jo se negando a doar o rim pra Adriana e eu s√≥ lembro da m√∫sica : ""Tudo o que voc√™ faz um dia volta pra voc√™..."" #OOutroLadoDoPara√≠so",1,-1,0,0
2018-04-14 00:55:28,"Pensou se no final o Gael revela que continua um cr√°pula e nunca mudou, igual o Felipe Barreto em #ODonoDoMundo  #OOutroLadoDoPara√≠so",0,0,0,0
2018-04-12 00:09:39,Xod√≥ jogando a merda no ventilador #OOutroLadoDoParaiso,0,-1,0,0
2018-04-14 00:53:17,"#OOutroLadodoPara√≠so
Beth dizendo que faria pela Clara o que est√° fazendo pela Adriana https://t.co/NWiZHVVztz",0,0,0,0
