,Unnamed: 0,date,text,nagisa_score,laura_score,elisa_score,concordancy,id,text_clean,text_normalized
0,0,2018-04-12 00:30:10,"#OOutroLadoDoParaÃ­so.  Tomaz Ã© um menino feliz. Ele comprova. Tem uma mÃ£e dedicada, LÃ­via.",1.0,1.0,1.0,1.0,0,"Tomaz Ã© um menino feliz. Ele comprova. Tem uma mÃ£e dedicada, LÃ­via.","Tomaz Ã© um menino feliz . Ele comprova . Tem uma mÃ£e dedicada , LÃ­via . "
1,1,2018-04-10 01:32:59,atÃ© eu crushei esse entregador de pizza agr #OOutroLadoDoParaiso,1.0,1.0,1.0,1.0,1,atÃ© eu crushei esse entregador de pizza agr,AtÃ© eu cruzei esse entregador de pizza agora 
2,2,2018-04-11 00:35:25,LinguÃ­stica aplicada com um boy desses significa beijo grego! S2 #OOutroLadoDoParaiso,1.0,1.0,1.0,1.0,2,LinguÃ­stica aplicada com um boy desses significa beijo grego! S2,LinguÃ­stica aplicada com um boy desses significa beijo grego ! S2 
3,3,2018-04-10 01:05:59,Ala a mÃºsica de boogie oogie tocando na chamada de #OndeNascemOsFortes ğŸ˜ #OOutroLadoDoParaÃ­so,1.0,1.0,1.0,1.0,3,Ala a mÃºsica de boogie oogie tocando na chamada de  ğŸ˜,Ala a mÃºsica de Boogie jogue tocando na chamada de ğŸ˜ 
4,4,2018-04-14 01:27:49,"Minha BEATRIZ TA VIVAAAAAAA

#OOutroLadoDoParaÃ­so",1.0,1.0,1.0,1.0,4,Minha BEATRIZ TA VIVAAAAAAA,Minha Beatriz estÃ¡ VIVAAAAAAA 
5,5,2018-04-14 01:27:03,A veia tÃ¡ viva #OOutroLadoDoParaiso,1.0,1.0,0.0,1.0,5,A veia tÃ¡ viva,A veia tÃ¡ viva 
6,6,2018-04-13 01:11:07,"#OOutroLadoDoParaÃ­so
Tenho certeza  que o Mariano nÃ£o morreu @sophiaabrahao  ğŸ˜‚",1.0,0.0,1.0,1.0,6,Tenho certeza  que o Mariano nÃ£o morreu   ğŸ˜‚,Tenho certeza que o Mariano nÃ£o morreu ğŸ˜‚ 
7,7,2018-04-11 01:30:02,Veeeem Patrick nosso herÃ³i ğŸ’œ#OOutroLadoDoParaÃ­so,1.0,1.0,1.0,1.0,7,Veeeem Patrick nosso herÃ³i ğŸ’œ,Veem Patrick nosso herÃ³i ğŸ’œ 
8,8,2018-04-14 01:11:59,"ProduÃ§Ã£o to no chÃ£o se a chave do cofrinho Ã© o que to pensando hahahaha
#OOutroLadoDoParaÃ­so",1.0,1.0,1.0,1.0,8,ProduÃ§Ã£o to no chÃ£o se a chave do cofrinho Ã© o que to pensando hahahaha,ProduÃ§Ã£o estou no chÃ£o se a chave do cofrinho Ã© o que estou pensando hahahaha 
9,9,2018-04-12 00:26:03,Ahhhhhh olha a mÃ¡scara da JÃ´ caindo!!! #OOutroLadoDoParaÃ­so,1.0,1.0,1.0,1.0,9,Ahhhhhh olha a mÃ¡scara da JÃ´ caindo!!!,Ahhhhhh olha a mÃ¡scara da JÃ´ caindo ! ! ! 
10,10,2018-04-10 01:36:57,"""Todo mundo que sabia o que eu sei morreu."" (XodÃ³)
Faz sentido. #OOutroLadoDoParaÃ­so",1.0,0.0,1.0,1.0,10,"""Todo mundo que sabia o que eu sei morreu."" (XodÃ³)
Faz sentido.",""" Todo mundo que sabia o que eu sei morreu . "" ( XodÃ³ ) Faz sentido . "
11,11,2018-04-14 00:37:28,Como condenar o Dr. Samuel se tratando do Cido nÃ© Brasil! Hahahahaha #OoutroladodoparaÃ­so,1.0,1.0,1.0,1.0,11,Como condenar o Dr. Samuel se tratando do Cido nÃ© Brasil! Hahahahaha,Como condenar o DR . Samuel se tratando do Sido nÃ© Brasil ! Hahahahaha 
12,12,2018-04-14 01:28:15,"Gente esse carneirinho Ã© muito lindo ne??

#OOutroLadoDoParaiso https://t.co/RjH2IisE9Y",1.0,1.0,1.0,1.0,12,Gente esse carneirinho Ã© muito lindo ne??,Gente esse carneirinho Ã© muito lindo ne ? ? 
13,13,2018-04-10 01:16:26,"AtÃ© que enfim Diego acordou pra vida, pediu a Melissa em casamento novamente  ğŸ˜…ğŸ˜ğŸ˜ #OOutroLadoDoParaÃ­so",1.0,1.0,1.0,1.0,13,"AtÃ© que enfim Diego acordou pra vida, pediu a Melissa em casamento novamente  ğŸ˜…ğŸ˜ğŸ˜","AtÃ© que enfim Diego acordou pra vida , pediu a Melissa em casamento novamente ğŸ˜…ğŸ˜ğŸ˜ "
14,14,2018-04-10 01:01:34,E continua o processo de beatificaÃ§Ã£o da personagem do Gael kkkkk #Ooutroladodoparaiso,1.0,1.0,-1.0,1.0,14,E continua o processo de beatificaÃ§Ã£o da personagem do Gael kkkkk,E continua o processo de beatificaÃ§Ã£o da personagem do Gael kkkkk 
15,15,2018-04-11 00:44:22,me acabo com o Samuel e a Suzy KKKKK #OOutroLadoDoParaiso,1.0,1.0,1.0,1.0,15,me acabo com o Samuel e a Suzy KKKKK,Me acabo com o Samuel e a Suzi KKKKK 
16,16,2018-04-11 01:22:22,As primas indo tudo embora.. sÃ³ vai restar a Maira kkkkk #OOutroLadoDoParaiso,1.0,1.0,1.0,1.0,16,As primas indo tudo embora.. sÃ³ vai restar a Maira kkkkk,As primas indo tudo embora ... sÃ³ vai restar a Maira kkkkk 
17,17,2018-04-10 00:29:56,essa cena sÃ³ ressaltando o quÃ£o boa Ã© a Bin em cenas dramÃ¡ticas #OOutroLadoDoParaÃ­so,1.0,1.0,1.0,1.0,17,essa cena sÃ³ ressaltando o quÃ£o boa Ã© a Bin em cenas dramÃ¡ticas,Essa cena sÃ³ ressaltando o quÃ£o boa Ã© a Bin em cenas dramÃ¡ticas 
18,18,2018-04-11 00:48:51,NÃ¡dia Ã© louca KKKKKKKKKKKKK #OOutroLadoDoParaÃ­so,1.0,1.0,1.0,1.0,18,NÃ¡dia Ã© louca KKKKKKKKKKKKK,NÃ¡dia Ã© louca KKKKKKKKKKKKK 
19,19,2018-04-14 22:48:20,"""Ela Ã© imbatÃ­vel"", o saudoso JosÃ© Wilker sobre Gloria Pires! â™¥ @gloriapires #OOutroLadoDoParaÃ­so",1.0,1.0,1.0,1.0,19,"""Ela Ã© imbatÃ­vel"", o saudoso JosÃ© Wilker sobre Gloria Pires! â™¥",""" Ela Ã© imbatÃ­vel "" , o saudoso JosÃ© Wilker sobre GlÃ³ria Pires ! â™¥ "
20,20,2018-04-11 01:27:03,Radu ainda tÃ¡ no pÃ¡reo! â¤ #OOutroLadoDoParaiso,1.0,1.0,1.0,1.0,20,Radu ainda tÃ¡ no pÃ¡reo! â¤,Rede ainda tÃ¡ no pÃ¡reo ! â¤ 
21,21,2018-04-10 00:49:54,"O tigrao tÃ¡ voltando a ser tigrete rsrsrsrsrs, abre os olhos Susy,  e guarda bem a sua lingerie vermelha #OOutroLadoDoParaiso",1.0,0.0,1.0,1.0,21,"O tigrao tÃ¡ voltando a ser tigrete rsrsrsrsrs, abre os olhos Susy,  e guarda bem a sua lingerie vermelha","O tigrÃ£o tÃ¡ voltando a ser tirete rsrsrsrsrs , abre os olhos Sus , e guarda bem a sua lingerie vermelha "
22,22,2018-04-14 00:39:25,Patrick cadÃª vocÃª? TÃ´ aqui sÃ³ pra te verrrrrr. Kkkkkkkkkkk  #OOutroLadoDoParaiso,1.0,1.0,1.0,1.0,22,Patrick cadÃª vocÃª? TÃ´ aqui sÃ³ pra te verrrrrr. Kkkkkkkkkkk,Patrick cadÃª vocÃª ? TÃ´ aqui sÃ³ pra te verrrrrr . Kkkkkkkkkkk 
23,23,2018-04-14 00:43:06,"Ã‰, amor Ã© amor!! Ciduel #OOutroLadodoParaÃ­so",1.0,1.0,1.0,1.0,23,"Ã‰, amor Ã© amor!! Ciduel","Ã‰ , amor Ã© amor ! ! Cruel "
24,24,2018-04-10 01:30:17,PORQUE AQUI NAO TEM UM ENTREGADOR DE PIZZA GOSTOSO ASSIM????? #OOutroLadoDoParaiso,1.0,1.0,1.0,1.0,24,PORQUE AQUI NAO TEM UM ENTREGADOR DE PIZZA GOSTOSO ASSIM?????,PORQUE AQUI NÃ£o TEM UM ENTREGADOR DE PIZZA GOSTOSO ASSIM ? ? ? ? ? 
25,25,2018-04-10 00:35:43,Leandra  e Gael juntos Ã© quÃ­mica que chama nÃ©? #OOutroLadoDoParaiso,1.0,0.0,1.0,1.0,25,Leandra  e Gael juntos Ã© quÃ­mica que chama nÃ©?,Leandra e Gael juntos Ã© quÃ­mica que chama nÃ© ? 
26,26,2018-04-12 00:26:37,Eu amo a atuaÃ§ao da barbara paz eh isso #OOutroLadoDoParaiso,1.0,1.0,1.0,1.0,26,Eu amo a atuaÃ§ao da barbara paz eh isso,Eu amo a atuaÃ§Ã£o da bÃ¡rbara paz Ã© isso 
27,27,2018-04-10 00:31:22,"MEU CLARICK
#clarick #OOutroLadoDoParaiso https://t.co/nv3d1ssAXS",1.0,0.0,1.0,1.0,27,MEU CLARICK,MEU Clarice 
28,28,2018-04-11 01:12:20,"A LÃ­via pode ser atÃ© louca, mas ela realmente ama o Tomaz, de uma forma pura, do jeito dela.â¤ #OOutroLadoDoParaÃ­so",1.0,1.0,1.0,1.0,28,"A LÃ­via pode ser atÃ© louca, mas ela realmente ama o Tomaz, de uma forma pura, do jeito dela.â¤","A LÃ­via pode ser atÃ© louca , mas ela realmente ama o Tomaz , de uma forma pura , do jeito dela . â¤ "
29,29,2018-04-12 04:45:40,"Assistindo os capÃ­tulos atrasados de #OOutroLadoDoParaÃ­so

Nossa, me emocionei demais com a LÃ­via descobrindo que eâ€¦ https://t.co/SjqwoOF2fb",1.0,1.0,1.0,1.0,29,"Assistindo os capÃ­tulos atrasados de 

Nossa, me emocionei demais com a LÃ­via descobrindo que eâ€¦","Assistindo os capÃ­tulos atrasados de Nossa , me emocionei demais com a LÃ­via descobrindo que eâ€¦ "
30,30,2018-04-10 01:28:18,Que cena linda essa da Nadia e da Raquel! ğŸ»Que atrizes maravilhosas ğŸ‘ğŸ‘ğŸ‘  #OOutroLadoDoParaÃ­so,1.0,1.0,1.0,1.0,30,Que cena linda essa da Nadia e da Raquel! ğŸ»Que atrizes maravilhosas ğŸ‘ğŸ‘ğŸ‘,Que cena linda essa da Nadia e da Raquel ! ğŸ»Que atrizes maravilhosas ğŸ‘ğŸ‘ğŸ‘ 
31,31,2018-04-13 01:35:13,"Minha mÃ£e dizendo aqui que faria o mesmo que a Beth estÃ¡ fazendo agora.... MÃ£e Ã© mÃ£e â¤ï¸

#OOutroLadoDoParaiso",1.0,1.0,1.0,1.0,31,Minha mÃ£e dizendo aqui que faria o mesmo que a Beth estÃ¡ fazendo agora.... MÃ£e Ã© mÃ£e â¤ï¸,Minha mÃ£e dizendo aqui que faria o mesmo que a Beth estÃ¡ fazendo agora ... MÃ£e Ã© mÃ£e â¤ï¸ 
32,32,2018-04-14 01:30:40,Vou jÃ¡ ligar para @fragosothiago pra vir dormir comigo hoje. #OOutroLadoDoParaiso,1.0,0.0,1.0,1.0,32,Vou jÃ¡ ligar para  pra vir dormir comigo hoje.,Vou jÃ¡ ligar para pra vir dormir comigo hoje . 
33,33,2018-04-10 01:00:48,"E essa voz do Gael, hein.. MEU DEUS! #OOutroLadoDoParaiso https://t.co/06GeOAbGIn",1.0,0.0,1.0,1.0,33,"E essa voz do Gael, hein.. MEU DEUS!","E essa voz do Gael , hein ... MEU DEUS ! "
34,34,2018-04-11 23:58:36,Essa Juiza Ã© lindaaaaa #OOutroLadoDoParaiso https://t.co/HBsqksH5j8,1.0,1.0,1.0,1.0,34,Essa Juiza Ã© lindaaaaa,Essa JuÃ­za Ã© linda 
35,35,2018-04-13 01:07:42,"#OOutroLadoDoParaÃ­so.  Este sim, vai conseguir resolver as coisas. Bruno Ã© competente.  (E lindo.)",1.0,1.0,1.0,1.0,35,"Este sim, vai conseguir resolver as coisas. Bruno Ã© competente.  (E lindo.)","Este sim , vai conseguir resolver as coisas . Bruno Ã© competente . ( E lindo . ) "
36,36,2018-04-14 01:25:42,"Patrick: a
Eu: lindÃ­ssimo, quer um beijo? Eu te dou
#OOutroLadoDoParaiso",1.0,1.0,1.0,1.0,36,"Patrick: a
Eu: lindÃ­ssimo, quer um beijo? Eu te dou","Patrick : a Eu : lindÃ­ssimo , quer um beijo ? Eu te dou "
37,37,2018-04-14 00:38:44,Amor eh amor e um lance eh um lance... mas quem dispensa um lance com o amor ali atrÃ¡s do posto?! #OOutroLadoDoParaÃ­so,1.0,1.0,0.0,1.0,37,Amor eh amor e um lance eh um lance... mas quem dispensa um lance com o amor ali atrÃ¡s do posto?!,Amor Ã© amor e um Lance Ã© um Lance ... mas quem dispensa um Lance com o amor ali atrÃ¡s do posto ? ! 
38,38,2018-04-14 00:56:58,Esse sorriso de canto de boca do Gael e muito sedutor. #OOutroLadoDoParaiso,1.0,1.0,1.0,1.0,38,Esse sorriso de canto de boca do Gael e muito sedutor.,Esse sorriso de canto de boca do Gael e muito sedutor . 
39,39,2018-04-10 01:27:39,Que lindo a NÃ¡dia reconhecendo o erro e pedindo perdÃ£o a Raquel. Que cada vez mais as pessoas tenham a bÃªnÃ§Ã£o de evâ€¦ https://t.co/Q2owyFJhgZ,1.0,1.0,1.0,1.0,39,Que lindo a NÃ¡dia reconhecendo o erro e pedindo perdÃ£o a Raquel. Que cada vez mais as pessoas tenham a bÃªnÃ§Ã£o de evâ€¦,Que lindo a NÃ¡dia reconhecendo o erro e pedindo perdÃ£o a Raquel . Que cada vez mais as pessoas tenham a bÃªnÃ§Ã£o de evâ€¦ 
40,40,2018-04-13 02:04:21,"A pessoa nÃ£o quer que a embuste morra, mas tambÃ©m nÃ£o quer que o Nicolau fique com ela.
Kkkkkkk
Eu era assim... Antâ€¦ https://t.co/3EiPvyAwcx",1.0,1.0,-1.0,1.0,40,"A pessoa nÃ£o quer que a embuste morra, mas tambÃ©m nÃ£o quer que o Nicolau fique com ela.
Kkkkkkk
Eu era assim... Antâ€¦","A pessoa nÃ£o quer que a embuste morra , mas tambÃ©m nÃ£o quer que o Nicolau fique com ela . Kkkkkkk Eu era assim ... Antâ€¦ "
41,41,2018-04-12 23:08:58,"O mundo jamais seria o mesmo depois de um encontro desses, bicho! #DeusSalveORei #OOutroLadoDoParaÃ­so https://t.co/oi2BNYTdLU",1.0,-1.0,1.0,1.0,41,"O mundo jamais seria o mesmo depois de um encontro desses, bicho!","O mundo jamais seria o mesmo depois de um encontro desses , bicho ! "
42,42,2018-04-11 00:34:15,Samuel gostou do entregador de pizza ğŸ˜‚ #OOutroLadoDoParaÃ­so,1.0,1.0,1.0,1.0,42,Samuel gostou do entregador de pizza ğŸ˜‚,Samuel gostou do entregador de pizza ğŸ˜‚ 
43,43,2018-04-13 00:56:33,#OOutroLadoDoParaÃ­so.  Caetana e sua sabedoria.,1.0,1.0,1.0,1.0,43,Caetana e sua sabedoria.,Caetano e sua sabedoria . 
44,44,2018-04-14 00:43:37,"N foi pizzaria n Adneia, foi posto de gasolina mesmo kkkkkkkkkkkkkkkk #OOutroLadoDoParaÃ­so",1.0,1.0,0.0,1.0,44,"N foi pizzaria n Adneia, foi posto de gasolina mesmo kkkkkkkkkkkkkkkk","NÃ£o foi pizzaria nÃ£o Ateneia , foi posto de gasolina mesmo kkkkkkkkkkkkkkkk "
45,45,2018-04-12 00:00:36,Ah gente mas a raquel ta certa #OOutroLadoDoParaÃ­so,1.0,1.0,1.0,1.0,45,Ah gente mas a raquel ta certa,Ah gente mas a Raquel estÃ¡ certa 
46,46,2018-04-11 01:33:16,"Queria um XodÃ³ sÃ³ pra mim â¤
#OOutroLadoDoParaiso",1.0,0.0,1.0,1.0,46,Queria um XodÃ³ sÃ³ pra mim â¤,Queria um XodÃ³ sÃ³ pra mim â¤ 
47,47,2018-04-13 01:24:01,"META DE VIDA
Chegar num hotel e escolher a suÃ­te luxo igual o Patrick
#OOutroLadoDoParaÃ­so",1.0,1.0,1.0,1.0,47,"META DE VIDA
Chegar num hotel e escolher a suÃ­te luxo igual o Patrick",META DE VIDA Chegar num hotel e escolher a suÃ­te luxo igual o Patrick 
48,48,2018-04-12 00:20:30,"""Vc ama a Adriana???? Vamos ao hospital ver se vocÃª Ã© compatÃ­vel ou nÃ£o.""
Beth 10000000000000 X 0 JÃ´â€¦ https://t.co/VWwtkfDonn",1.0,0.0,1.0,1.0,48,"""Vc ama a Adriana???? Vamos ao hospital ver se vocÃª Ã© compatÃ­vel ou nÃ£o.""
Beth 10000000000000 X 0 JÃ´â€¦",""" vocÃª ama a Adriana ? ? ? ? Vamos ao hospital ver se vocÃª Ã© compatÃ­vel ou nÃ£o . "" Beth 10000000000000 X 0 JÃ´â€¦ "
49,49,2018-04-13 00:50:30,Beth fez o que o Brasil todo queria!!! Eu te veneroooo #OOutroLadoDoParaiso,1.0,1.0,1.0,1.0,49,Beth fez o que o Brasil todo queria!!! Eu te veneroooo,Beth fez o que o Brasil todo queria ! ! ! Eu te venero 
50,50,2018-04-14 00:58:32,"Gael pediu dinheiro pra Sophia,  ela disse que tinha um porquinho, pegou dois bolos de 100 e deu a ele ğŸ˜‚ğŸ˜‚ğŸ˜‚ #OOutroLadoDoParaÃ­so",1.0,1.0,1.0,1.0,50,"Gael pediu dinheiro pra Sophia,  ela disse que tinha um porquinho, pegou dois bolos de 100 e deu a ele ğŸ˜‚ğŸ˜‚ğŸ˜‚","Gael pediu dinheiro pra Sophia , ela disse que tinha um porquinho , pegou dois bolos de 100 e deu a ele ğŸ˜‚ğŸ˜‚ğŸ˜‚ "
51,51,2018-04-10 00:26:00,"Clara e Patrick se vendo pela primeira vez â¤ï¸â¤ï¸
#OOutroLadoDoParaiso
#Clarick
#TeAmamosPatrick",1.0,1.0,1.0,1.0,51,Clara e Patrick se vendo pela primeira vez â¤ï¸â¤ï¸,Clara e Patrick se vendo pela primeira vez â¤ï¸â¤ï¸ 
52,52,2018-04-13 01:29:46,Ele te ama muler #OOutroLadoDoParaÃ­so,1.0,1.0,0.0,1.0,52,Ele te ama muler,Ele te ama mulher 
53,53,2018-04-12 01:47:24,"Fabiana: talvez eu aceite um suco...
Clara: vocÃª quer tomar um suco? - Vai tomar na sua casa!...

Ah, essa conversaâ€¦ https://t.co/VR1Jl42MsS",1.0,0.0,1.0,1.0,53,"Fabiana: talvez eu aceite um suco...
Clara: vocÃª quer tomar um suco? - Vai tomar na sua casa!...

Ah, essa conversaâ€¦","Fabiana : talvez eu aceite um suco ... Clara : vocÃª quer tomar um suco ? - Vai tomar na sua casa ! ... ah , essa conversaâ€¦ "
54,54,2018-04-12 00:18:44,"JÃ´ tomando dois coices ao mesmo tempo! Kkk 

#OOutroLadoDoParaÃ­so",1.0,1.0,1.0,1.0,54,JÃ´ tomando dois coices ao mesmo tempo! Kkk,JÃ´ tomando dois coices ao mesmo tempo ! Kcs 
55,55,2018-04-11 00:42:55,"A Suzy jÃ¡ percebeu que ela perdeu a batalha pra homem kkkkkk 

#OOutroLadoDoParaiso",1.0,0.0,1.0,1.0,55,A Suzy jÃ¡ percebeu que ela perdeu a batalha pra homem kkkkkk,A Suzi jÃ¡ percebeu que ela perdeu a batalha pra homem kkkkkk 
56,56,2018-04-11 01:27:30,isso aÃ­ Raquel pra macho frouxo e arrependido dÃ¡ gelooo #OOutroLadoDoParaÃ­so,1.0,0.0,1.0,1.0,56,isso aÃ­ Raquel pra macho frouxo e arrependido dÃ¡ gelooo,Isso aÃ­ Raquel pra macho frouxo e arrependido dÃ¡ gelo 
57,57,2018-04-11 00:48:07,Hahahahah #OOutroLadoDoParaÃ­so,1.0,0.0,1.0,1.0,57,Hahahahah,Hahahahah 
58,58,2018-04-11 01:30:31,"A cara do Patrick, rei #OOutroLadoDoParaÃ­so",1.0,0.0,1.0,1.0,58,"A cara do Patrick, rei","A cara do Patrick , rei "
59,59,2018-04-12 00:02:05,Isso ai xodÃ³ #OOutroLadoDoParaÃ­so,1.0,1.0,1.0,1.0,59,Isso ai xodÃ³,Isso ai xodÃ³ 
60,60,2018-04-13 01:28:49,JÃ¡ pode trazer a placa de cidadÃ£o de honra de Palmas pro Patrick pq ele vai morar lÃ¡ com a clara forever ğŸ˜„ #Clarick #OOutroLadoDoParaÃ­so,1.0,1.0,1.0,1.0,60,JÃ¡ pode trazer a placa de cidadÃ£o de honra de Palmas pro Patrick pq ele vai morar lÃ¡ com a clara forever ğŸ˜„,JÃ¡ pode trazer a placa de cidadÃ£o de honra de Palmas pro Patrick porque ele vai morar lÃ¡ com a clara Forever ğŸ˜„ 
61,61,2018-04-12 00:18:39,"Beth 100000000000000000 x 0 JÃ´
#OOutroLadoDoParaÃ­so",1.0,0.0,1.0,1.0,61,Beth 100000000000000000 x 0 JÃ´,Beth 100000000000000000 x 0 JÃ´ 
62,62,2018-04-12 00:30:00,ainda bem que a embuste da JÃ´ foi desmascarada tomara que agora a Dri seja legal com a Beth #OOutroLadoDoParaÃ­so,1.0,1.0,1.0,1.0,62,ainda bem que a embuste da JÃ´ foi desmascarada tomara que agora a Dri seja legal com a Beth,Ainda bem que a embuste da JÃ´ foi desmascarada tomara que agora a Tri seja legal com a Beth 
63,63,2018-04-10 01:26:48,#OOutroLadoDoParaÃ­so eu aceitaria desculpas de Nadia assim ğŸ˜ğŸ˜ https://t.co/AdrV2Q9Wif,1.0,1.0,1.0,1.0,63,eu aceitaria desculpas de Nadia assim ğŸ˜ğŸ˜,Eu aceitaria desculpas de Nadia assim ğŸ˜ğŸ˜ 
64,64,2018-04-14 01:09:12,#OOutroLadoDoParaÃ­so Nesse puteiro tem de tudo kkkkk,1.0,1.0,1.0,1.0,64,Nesse puteiro tem de tudo kkkkk,Nesse padeiro tem de tudo kkkkk 
65,65,2018-04-12 00:09:19,"Gael descobrindo a verdade, esse momento Ã© todo nosso #OoutroLadoDoParaiso",1.0,1.0,1.0,1.0,65,"Gael descobrindo a verdade, esse momento Ã© todo nosso","Gael descobrindo a verdade , esse momento Ã© todo nosso "
66,66,2018-04-13 01:30:55,Que tapa na cara da Adriana #OOutroLadoDoParaÃ­so,1.0,0.0,1.0,1.0,66,Que tapa na cara da Adriana,Que tapa na cara da Adriana 
67,67,2018-04-12 00:09:29,"Ahhhhhh xodÃ³ lindo, gostoso ğŸ˜ğŸ˜ğŸ˜ğŸ˜â¤ï¸ #OoutroLadoDoParaiso  contanto tudo",1.0,1.0,1.0,1.0,67,"Ahhhhhh xodÃ³ lindo, gostoso ğŸ˜ğŸ˜ğŸ˜ğŸ˜â¤ï¸   contanto tudo","Ahhhhhh xodÃ³ lindo , gostoso ğŸ˜ğŸ˜ğŸ˜ğŸ˜â¤ï¸ contanto tudo "
68,68,2018-04-12 00:25:00,Samuel â¤ï¸ #OOutroLadoDoParaÃ­so,1.0,1.0,1.0,1.0,68,Samuel â¤ï¸,Samuel â¤ï¸ 
69,69,2018-04-11 01:14:26,"Mais uma quenga abandonando o bordel...
Vou procurar emprego lÃ¡!!!
#OOutroLadodoParaiso",1.0,0.0,1.0,1.0,69,"Mais uma quenga abandonando o bordel...
Vou procurar emprego lÃ¡!!!",Mais uma quenga abandonando o bordel ... Vou procurar emprego lÃ¡ ! ! ! 
70,70,2018-04-11 01:15:14,"Esse puteiro Ã© mais casamenteiro q muitas agÃªncias de casamento por aÃ­.
ğŸ¤£ğŸ¤£ğŸ¤£
#OOutroLadoDoParaÃ­so",1.0,0.0,1.0,1.0,70,"Esse puteiro Ã© mais casamenteiro q muitas agÃªncias de casamento por aÃ­.
ğŸ¤£ğŸ¤£ğŸ¤£",Esse padeiro Ã© mais casamenteiro que muitas agÃªncias de casamento por aÃ­ . ğŸ¤£ğŸ¤£ğŸ¤£ 
71,71,2018-04-11 00:47:16,#OOutroLadoDoParaÃ­so NADIA SAFADAAAA ADOROO ğŸŒšâ¤,1.0,0.0,1.0,1.0,71,NADIA SAFADAAAA ADOROO ğŸŒšâ¤,Nadia SAFADAAAA Adoro ğŸŒšâ¤ 
72,72,2018-04-14 01:21:15,"Eita a DesirÃ©e quer afogar o ganso com o Juvenal ğŸ˜‚ğŸ˜‚
#OOutroLadoDoParaÃ­so",1.0,0.0,1.0,1.0,72,Eita a DesirÃ©e quer afogar o ganso com o Juvenal ğŸ˜‚ğŸ˜‚,Eta a Desiree quer afogar o ganso com o Juvenal ğŸ˜‚ğŸ˜‚ 
73,73,2018-04-13 00:57:49,"quando dona Caetana aparece eu fico tÃ£o encantada quanto comer acarajÃ© 
#OOutroLadoDoParaÃ­so",0.0,1.0,1.0,1.0,73,quando dona Caetana aparece eu fico tÃ£o encantada quanto comer acarajÃ©,Quando dona Caetano aparece eu fico tÃ£o encantada quanto comer acarajÃ© 
74,74,2018-04-13 01:20:03,calma Amaro.. se nÃ£o da certo essa cirurgia vc pode vim pro df e virar motorista de Ã´nibus #OOutroLadoDoParaiso,1.0,1.0,0.0,1.0,74,calma Amaro.. se nÃ£o da certo essa cirurgia vc pode vim pro df e virar motorista de Ã´nibus,Calma Amaro ... se nÃ£o da certo essa cirurgia vocÃª pode vim pro df e virar motorista de Ã´nibus 
75,75,2018-04-11 01:30:19,Amo Fernandinha Rodrigues desde MalhaÃ§Ã£o ğŸ˜ #OOutroLadoDoParaiso,1.0,0.0,1.0,1.0,75,Amo Fernandinha Rodrigues desde MalhaÃ§Ã£o ğŸ˜,Amo Fernandinho Rodrigues desde MalhaÃ§Ã£o ğŸ˜ 
76,76,2018-04-10 01:33:08,"AlguÃ©m pelo amor de Deus me diz aonde fica o barracÃ£o da dona Mercedes e quanto custa a consulta, preciso 
#OOutroLadoDoParaiso",1.0,0.0,1.0,1.0,76,"AlguÃ©m pelo amor de Deus me diz aonde fica o barracÃ£o da dona Mercedes e quanto custa a consulta, preciso","AlguÃ©m pelo amor de Deus me diz aonde fica o barracÃ£o da dona Mercedes e quanto custa a consulta , preciso "
77,77,2018-04-11 01:13:36,"Bordel vai ficar vazioğŸ‘°ğŸ‘°
#OOutroLadoDoParaÃ­so",1.0,0.0,1.0,1.0,77,Bordel vai ficar vazioğŸ‘°ğŸ‘°,Bordel vai ficar vazioğŸ‘°ğŸ‘° 
78,78,2018-04-13 01:36:24,"Beth sendo GLÃ“RIA PIRES,  mÃ£e! #GloriaPires ğŸ’—ğŸ’—ğŸ’—ğŸ’— #gloriananovela @gloriapires  #OOutroLadodoParaÃ­so",1.0,1.0,1.0,1.0,78,"Beth sendo GLÃ“RIA PIRES,  mÃ£e!  ğŸ’—ğŸ’—ğŸ’—ğŸ’—","Beth sendo GLÃ“RIA PIRES , mÃ£e ! ğŸ’—ğŸ’—ğŸ’—ğŸ’— "
79,79,2018-04-10 01:25:49,Raquel Ã© mt amorzinho #OOutroLadoDoParaÃ­so,1.0,1.0,1.0,1.0,79,Raquel Ã© mt amorzinho,Raquel Ã© muito amorzinho 
80,80,2018-04-13 00:39:50,"""VocÃª Ã© muito cheio de diplomacia"" Beth de forma chique chamando o Henrique de banana RS RS #OOutroLadoDoParaÃ­so",1.0,1.0,1.0,1.0,80,"""VocÃª Ã© muito cheio de diplomacia"" Beth de forma chique chamando o Henrique de banana RS RS",""" VocÃª Ã© muito cheio de diplomacia "" Beth de forma chique chamando o Henrique de banana risos risos "
81,81,2018-04-14 01:23:22,Renan cuidando da Beth &lt;3 #OOutroLadodoParaÃ­so,1.0,1.0,1.0,1.0,81,Renan cuidando da Beth &lt;3,Renan cuidando da Beth &lt ; 3 
82,82,2018-04-12 00:16:15,"Cada dia q passa o Gael se torna o homem que nasceu para ser.
#OOutroLadoDoParaiso",1.0,1.0,1.0,1.0,82,Cada dia q passa o Gael se torna o homem que nasceu para ser.,Cada dia que passa o Gael se torna o homem que nasceu para ser . 
83,83,2018-04-10 01:13:52,Uma Santa de Altar kkkkkkkkk SOCORRO essa Nadia #OOutroLadodoParaÃ­so,1.0,0.0,1.0,1.0,83,Uma Santa de Altar kkkkkkkkk SOCORRO essa Nadia,Uma Santa de Altar kkkkkkkkk SOCORRO essa Nadia 
84,84,2018-04-13 01:11:20,"""DEIXA QUE EU SEGURO AS PONTAS POR AQUI""

Ai Gael,  me chama de Clara e vem falar isso aqui em casa..â€¦ https://t.co/3jP2i9i5xY",1.0,0.0,1.0,1.0,84,"""DEIXA QUE EU SEGURO AS PONTAS POR AQUI""

Ai Gael,  me chama de Clara e vem falar isso aqui em casa..â€¦",""" DEIXA QUE EU SEGURO AS PONTAS POR AQUI "" Ai Gael , me chama de Clara e vem falar isso aqui em casa ... â€¦ "
85,85,2018-04-12 00:26:10,"JÃ´ compatÃ­vel!!! Vem tombo da Adriana mais que merecido!!!!! 
ğŸ‘ğŸ‘ğŸ‘ #OOutroLadoDoParaÃ­so https://t.co/1q9SkqULtZ",1.0,1.0,1.0,1.0,85,"JÃ´ compatÃ­vel!!! Vem tombo da Adriana mais que merecido!!!!! 
ğŸ‘ğŸ‘ğŸ‘",JÃ´ compatÃ­vel ! ! ! Vem tombo da Adriana mais que merecido ! ! ! ! ! ğŸ‘ğŸ‘ğŸ‘ 
86,86,2018-04-10 00:56:22,Receba Jo!!!! Ae Henrique ğŸ‘ğŸ»ğŸ‘ğŸ»ğŸ‘ğŸ»ğŸ‘ğŸ» #OOutroLadoDoParaiso,0.0,1.0,1.0,1.0,86,Receba Jo!!!! Ae Henrique ğŸ‘ğŸ»ğŸ‘ğŸ»ğŸ‘ğŸ»ğŸ‘ğŸ»,Receba JÃ´ ! ! ! ! aÃ­ Henrique ğŸ‘ğŸ»ğŸ‘ğŸ»ğŸ‘ğŸ»ğŸ‘ğŸ» 
87,87,2018-04-11 00:28:46,Dona mercedes e aqueles spolier 10/10 #OOutroLadoDoParaÃ­so https://t.co/peCMA3xT7c,1.0,0.0,1.0,1.0,87,Dona mercedes e aqueles spolier 10/10,Dona Mercedes e aqueles espoliar 10/10 
88,88,2018-04-10 01:15:00,Tem amores que parece sarampo. Chega dÃ¡ aquele estresse e depois passa. HAHAHA #OOutroLadoDoParaiso,1.0,-1.0,1.0,1.0,88,Tem amores que parece sarampo. Chega dÃ¡ aquele estresse e depois passa. HAHAHA,Tem amores que parece sarampo . Chega dÃ¡ aquele estresse e depois passa . Havana 
89,89,2018-04-10 01:29:19,"QUE ENTREGADOR DE PIZZA Ã‰ ESSE 

SOCORRO

#OOutroLadoDoParaÃ­so",1.0,0.0,1.0,1.0,89,"QUE ENTREGADOR DE PIZZA Ã‰ ESSE 

SOCORRO",QUE ENTREGADOR DE PIZZA Ã‰ ESSE SOCORRO 
90,90,2018-04-12 00:30:14,Esperando A CARA DA ADRIANA vendo JÃ´ recusar a doaÃ§Ã£o. #OOutroLadodoParaÃ­so,1.0,0.0,1.0,1.0,90,Esperando A CARA DA ADRIANA vendo JÃ´ recusar a doaÃ§Ã£o.,Esperando A CARA DA Adriana vendo JÃ´ recusar a doaÃ§Ã£o . 
91,91,2018-04-12 00:29:41,"JÃ´, muito obrigada por nÃ£o doar o rim pra Adriana. #OOutroLadoDoParaiso https://t.co/NSductcj5E",1.0,1.0,1.0,1.0,91,"JÃ´, muito obrigada por nÃ£o doar o rim pra Adriana.","JÃ´ , muito obrigada por nÃ£o doar o rim pra Adriana . "
92,92,2018-04-11 01:33:05,O Patrick enxotou o renato ğŸ˜„ğŸ‘ğŸ¼ğŸ‘ğŸ¼ğŸ‘ğŸ¼ğŸ‘ğŸ¼ #Clarick #OOutroLadoDoParaÃ­so,1.0,0.0,1.0,1.0,92,O Patrick enxotou o renato ğŸ˜„ğŸ‘ğŸ¼ğŸ‘ğŸ¼ğŸ‘ğŸ¼ğŸ‘ğŸ¼,O Patrick enxotou o Renato ğŸ˜„ğŸ‘ğŸ¼ğŸ‘ğŸ¼ğŸ‘ğŸ¼ğŸ‘ğŸ¼ 
93,93,2018-04-10 00:46:31,Meu Clarick ! #OOutroLadoDoParaiso https://t.co/vpMpBXGTIT,1.0,0.0,1.0,1.0,93,Meu Clarick !,Meu Clarice ! 
94,94,2018-04-11 01:29:08,A bicha Ã© afrontosa mesmo. Fabiana vai na casa da inimiga pra pisar. Nem gosto ğŸ˜‚ğŸ˜‚ğŸ˜‚ #OOutroLadoDoParaÃ­so https://t.co/y0eyIAKTac,1.0,0.0,1.0,1.0,94,A bicha Ã© afrontosa mesmo. Fabiana vai na casa da inimiga pra pisar. Nem gosto ğŸ˜‚ğŸ˜‚ğŸ˜‚,A bicha Ã© afrontosa mesmo . Fabiana vai na casa da inimiga pra pisar . Nem gosto ğŸ˜‚ğŸ˜‚ğŸ˜‚ 
95,95,2018-04-14 00:41:04,"""Samuel voce nao passou em pizzaria nao nÃ©"" kkkkkkkkkkkkkkkkkkkkkkkkkkkkkkkkkkkkkkkkkkkk Samuel ta melhor q eu #OOutroLadoDoParaÃ­so",1.0,0.0,1.0,1.0,95,"""Samuel voce nao passou em pizzaria nao nÃ©"" kkkkkkkkkkkkkkkkkkkkkkkkkkkkkkkkkkkkkkkkkkkk Samuel ta melhor q eu",""" Samuel vocÃª nÃ£o passou em pizzaria nÃ£o nÃ© "" kkkkkkkkkkkkkkkkkkkkkkkkkkkkkkkkkkkkkkkkkkkk Samuel estÃ¡ melhor que eu "
96,96,2018-04-14 00:38:06,"Cido e Samuel... ahhhhh ğŸ˜

#OOutroLadoDoParaÃ­so",1.0,1.0,1.0,1.0,96,Cido e Samuel... ahhhhh ğŸ˜,Sido e Samuel ... ahhhhh ğŸ˜ 
97,97,2018-04-10 01:26:42,PerdÃ£o! Palavra muito difÃ­cil de ser dita para outra pessoa! Nadia mandou bem! ğŸ‘ğŸ»ğŸ‘ğŸ»ğŸ‘ğŸ» #OOutroLadoDoParaÃ­so,1.0,1.0,1.0,1.0,97,PerdÃ£o! Palavra muito difÃ­cil de ser dita para outra pessoa! Nadia mandou bem! ğŸ‘ğŸ»ğŸ‘ğŸ»ğŸ‘ğŸ»,PerdÃ£o ! Palavra muito difÃ­cil de ser dita para outra pessoa ! Nadia mandou bem ! ğŸ‘ğŸ»ğŸ‘ğŸ»ğŸ‘ğŸ» 
98,98,2018-04-13 00:50:53,"TÃ¡ doendo JÃ´? kkkk
#OOutroLadoDoParaÃ­so",1.0,1.0,1.0,1.0,98,TÃ¡ doendo JÃ´? kkkk,TÃ¡ doendo JÃ´ ? Kick 
99,99,2018-04-11 01:14:50,O bordel vai ficar sem mulher KKKKKKKKKKKKKK #OoutroLadoDoParaÃ­so,1.0,0.0,1.0,1.0,99,O bordel vai ficar sem mulher KKKKKKKKKKKKKK,O bordel vai ficar sem mulher KKKKKKKKKKKKKK 
100,100,2018-04-12 00:04:23,"A carta na manga do Patrick Ã© a Beatriz q vai aparecer vivÃ­ssima, certeza #OOutroLadoDoParaÃ­so",1.0,1.0,0.0,1.0,100,"A carta na manga do Patrick Ã© a Beatriz q vai aparecer vivÃ­ssima, certeza","A carta na manga do Patrick Ã© a Beatriz que vai aparecer vivÃ­ssima , certeza "
101,101,2018-04-12 00:35:33,"Acharam o seu escalpo @oJulianoCazarre kkkkkkkk

#OoutroLadoDoParaÃ­so",1.0,1.0,1.0,1.0,101,Acharam o seu escalpo  kkkkkkkk,Acharam o seu escalpo kkkkkkkk 
102,102,2018-04-13 00:51:53,Amo que a Gloria enche a mÃ£o #OoutroLadoDoParaÃ­so https://t.co/nFWK0u7rF8,1.0,1.0,1.0,1.0,102,Amo que a Gloria enche a mÃ£o,Amo que a GlÃ³ria enche a mÃ£o 
103,103,2018-04-14 23:26:53,XodÃ³ do cÃ©u #OOutroLadoDoParaiso https://t.co/bRwjzYfHOe,0.0,1.0,1.0,1.0,103,XodÃ³ do cÃ©u,XodÃ³ do cÃ©u 
104,104,2018-04-14 00:38:42,A cara de felicidade do Samuel em saber que vai ter feedback com o Ciro kkkkkkkkkkkkk #OOutroLadoDoParaÃ­so,1.0,0.0,1.0,1.0,104,A cara de felicidade do Samuel em saber que vai ter feedback com o Ciro kkkkkkkkkkkkk,A cara de felicidade do Samuel em saber que vai ter feedback com o Ciro kkkkkkkkkkkkk 
105,105,2018-04-13 01:10:16,"O FÃ¡bio AssunÃ§Ã£o ta parecendo um lobo com esse tanto de pÃªlo, mas eu pegava, continua muito gato #OndeNascemOsFortes #OOutroLadoDoParaÃ­so",1.0,0.0,1.0,1.0,105,"O FÃ¡bio AssunÃ§Ã£o ta parecendo um lobo com esse tanto de pÃªlo, mas eu pegava, continua muito gato","O FÃ¡bio AssunÃ§Ã£o estÃ¡ parecendo um lobo com esse tanto de pÃªlo , mas eu pegava , continua muito gato "
106,106,2018-04-10 01:28:53,HAHAHAHHAHAHHH NÃƒO AGUENTO ESSE SAMUEL #OOutroLadoDoParaÃ­so,1.0,0.0,1.0,1.0,106,HAHAHAHHAHAHHH NÃƒO AGUENTO ESSE SAMUEL,HAHAHAHHAHAHHH NÃƒO AGUENTO ESSE Samuel 
107,107,2018-04-11 00:36:10,"Samuel na novela , Ã© eu na vida hahahah ğŸ˜‚ğŸ˜‚ğŸ˜‚ #OOutroLadoDoParaÃ­so",1.0,0.0,1.0,1.0,107,"Samuel na novela , Ã© eu na vida hahahah ğŸ˜‚ğŸ˜‚ğŸ˜‚","Samuel na novela , Ã© eu na vida hahahah ğŸ˜‚ğŸ˜‚ğŸ˜‚ "
108,108,2018-04-13 14:28:24,@DanieliNunes11 ALGUÃ‰M CHAMA O SAMU PORQUE NAO TO BEMMMMMğŸ˜‚ğŸ˜‚ğŸ˜‚ğŸ˜‚ğŸ˜‚â¤â¤â¤â¤â¤ #Clarick @fragosothiago @celaangel #OOutroLadoDoParaiso,1.0,1.0,1.0,1.0,108,ALGUÃ‰M CHAMA O SAMU PORQUE NAO TO BEMMMMMğŸ˜‚ğŸ˜‚ğŸ˜‚ğŸ˜‚ğŸ˜‚â¤â¤â¤â¤â¤,ALGUÃ‰M CHAMA O Sam PORQUE NÃ£o estou BEMMMMMğŸ˜‚ğŸ˜‚ğŸ˜‚ğŸ˜‚ğŸ˜‚â¤â¤â¤â¤â¤ 
109,109,2018-04-10 00:33:38,"Eu nÃ£o canso de dizer que Laura Cardoso e maravilhosa demais, pqp #OOutroLadoDoParaiso",1.0,1.0,1.0,1.0,109,"Eu nÃ£o canso de dizer que Laura Cardoso e maravilhosa demais, pqp","Eu nÃ£o canso de dizer que Laura Cardoso e maravilhosa demais , puta que pariu "
110,110,2018-04-10 01:28:55,"Samuel Ã© muito engraÃ§ado kkkkkkkkkkk
Cura gay porra nenhuma, ele parece que estÃ¡ pior do que antes ğŸ˜‚ #OOutroLadoDoParaÃ­so",1.0,1.0,1.0,1.0,110,"Samuel Ã© muito engraÃ§ado kkkkkkkkkkk
Cura gay porra nenhuma, ele parece que estÃ¡ pior do que antes ğŸ˜‚","Samuel Ã© muito engraÃ§ado kkkkkkkkkkk Cura gay porra nenhuma , ele parece que estÃ¡ pior do que antes ğŸ˜‚ "
111,111,2018-04-13 01:30:39,Cabelo do Nicolau Hahahaha #OOutroLadoDoParaiso https://t.co/PmyoHwh9kS,1.0,1.0,1.0,1.0,111,Cabelo do Nicolau Hahahaha,Cabelo do Nicolau Hahahaha 
112,112,2018-04-13 00:58:15,#OOutroLadodoParaÃ­so nÃ£o aceito a beleza da Leandra. Que bixa linda credo,1.0,-1.0,1.0,1.0,112,nÃ£o aceito a beleza da Leandra. Que bixa linda credo,NÃ£o aceito a beleza da Leandra . Que bixa linda credo 
113,113,2018-04-10 01:28:59,Meninas... Que entregador de pizza Ã© esse hein #OOutroLadoDoParaiso,1.0,1.0,1.0,1.0,113,Meninas... Que entregador de pizza Ã© esse hein,Meninas ... Que entregador de pizza Ã© esse hein 
114,114,2018-04-12 00:26:11,JÃ´ KKKKKKKKKKKKKKK #OOutroLadoDoParaiso,1.0,1.0,1.0,1.0,114,JÃ´ KKKKKKKKKKKKKKK,JÃ´ KKKKKKKKKKKKKKK 
115,115,2018-04-11 01:27:53,que fora KKKKKKKKKKKK PISA MENOS CLARA #OOutroLadoDoParaiso,1.0,0.0,1.0,1.0,115,que fora KKKKKKKKKKKK PISA MENOS CLARA,Que fora KKKKKKKKKKKK PISA MENOS CLARA 
116,116,2018-04-10 00:29:40,Patrick vocÃª merece O MUNDO #OOutroLadoDoParaÃ­so,1.0,1.0,1.0,1.0,116,Patrick vocÃª merece O MUNDO,Patrick vocÃª merece O MUNDO 
117,117,2018-04-14 01:09:02,Mariano meu amor sabia que tu estava vivo #OOutroLadoDoParaiso,1.0,1.0,0.0,1.0,117,Mariano meu amor sabia que tu estava vivo,Mariano meu amor sabia que tu estava vivo 
118,118,2018-04-13 01:24:13,"Vey essa novela tÃ¡ muito boa, sÃ³ acho que nÃ£o Ã© necessÃ¡rio intervalos #OOutroLadoDoParaiso",1.0,1.0,1.0,1.0,118,"Vey essa novela tÃ¡ muito boa, sÃ³ acho que nÃ£o Ã© necessÃ¡rio intervalos","Vai essa novela tÃ¡ muito boa , sÃ³ acho que nÃ£o Ã© necessÃ¡rio intervalos "
119,119,2018-04-14 00:22:52,"Beth convencendo trÃªs mÃ©dicos, o poder de uma mÃ£e. #OOutroLadoDoParaÃ­so",1.0,1.0,0.0,1.0,119,"Beth convencendo trÃªs mÃ©dicos, o poder de uma mÃ£e.","Beth convencendo trÃªs mÃ©dicos , o poder de uma mÃ£e . "
120,120,2018-04-10 01:27:48,NÃ¡dia pedindo perdÃ£o a Raquel... Que cena linda! Chega de Racismo!  #OOutroLadoDoParaiso,1.0,1.0,1.0,1.0,120,NÃ¡dia pedindo perdÃ£o a Raquel... Que cena linda! Chega de Racismo!,NÃ¡dia pedindo perdÃ£o a Raquel ... Que cena linda ! Chega de Racismo ! 
121,121,2018-04-14 00:34:56,Acho que eu subestimei o Bruno #OOutroLadoDoParaiso,1.0,0.0,1.0,1.0,121,Acho que eu subestimei o Bruno,Acho que eu subestimei o Bruno 
122,122,2018-04-13 08:08:42,"Meu Deus, que homem Ã© esse Patrick!! #OOutroLadoDoParaiso",1.0,1.0,1.0,1.0,122,"Meu Deus, que homem Ã© esse Patrick!!","Meu Deus , que homem Ã© esse Patrick ! ! "
123,123,2018-04-14 01:28:31,SABIA QUE ERA A SIMONE IRMA DO FABIAN KKKKKKKKKKKKKKKK SOCORRO #OOutroLadoDoParaÃ­so,1.0,-1.0,1.0,1.0,123,SABIA QUE ERA A SIMONE IRMA DO FABIAN KKKKKKKKKKKKKKKK SOCORRO,SABIA QUE ERA A Simone IrmÃ£ DO Fabian KKKKKKKKKKKKKKKK SOCORRO 
124,124,2018-04-13 01:16:34,Que cena fofa do Gael e Clara S2 #OOutroLadoDoParaiso,1.0,-1.0,1.0,1.0,124,Que cena fofa do Gael e Clara S2,Que cena fofa do Gael e Clara S2 
125,125,2018-04-13 00:52:02,"TapÃ£o, adorei #OoutroLadoDoParaÃ­so",1.0,1.0,1.0,1.0,125,"TapÃ£o, adorei","TavÃ£o , adorei "
126,126,2018-04-10 01:20:16,Chegou o Grande  momento #OOutroLadoDoParaiso #bruquel,1.0,1.0,1.0,1.0,126,Chegou o Grande  momento,Chegou o Grande momento 
127,127,2018-04-12 00:21:38,"SEDENTO PELO TOMBO DA ADRIANA, JÃ” NÃƒO DOARÃ O RIM PARA ELA.
ESSE MOMENTO VAI SER APENAS MEUUU
#OOutroLadoDoParaÃ­so https://t.co/NV7hyuzDT0",1.0,0.0,1.0,1.0,127,"SEDENTO PELO TOMBO DA ADRIANA, JÃ” NÃƒO DOARÃ O RIM PARA ELA.
ESSE MOMENTO VAI SER APENAS MEUUU","SEDENTO PELO TOMBO DA Adriana , JÃ” NÃƒO DOARÃ O RIM PARA ELA . ESSE MOMENTO VAI SER APENAS Meu "
128,128,2018-04-10 00:57:42,JÃ´ sendo desmacarada kakakakakakaka ADORO #OOutroLadoDoParaiso https://t.co/z4EPdLdjgK,1.0,1.0,1.0,1.0,128,JÃ´ sendo desmacarada kakakakakakaka ADORO,JÃ´ sendo desmascarada kakakakakakaka ADORO 
129,129,2018-04-10 01:28:29,Samuel provando que cura gay nÃ£o existe #OOutroLadoDoParaiso,1.0,0.0,1.0,1.0,129,Samuel provando que cura gay nÃ£o existe,Samuel provando que cura gay nÃ£o existe 
130,130,2018-04-11 01:28:42,"VocÃª quer suco?  VÃ¡ tomar suco na sua casa!ğŸ˜‚ğŸ˜‚ğŸ˜‚ğŸ˜‚ğŸ˜‚ğŸ˜‚ğŸ˜‚
#OOutroLadoDoParaÃ­so",1.0,0.0,1.0,1.0,130,VocÃª quer suco?  VÃ¡ tomar suco na sua casa!ğŸ˜‚ğŸ˜‚ğŸ˜‚ğŸ˜‚ğŸ˜‚ğŸ˜‚ğŸ˜‚,VocÃª quer suco ? VÃ¡ tomar suco na sua casa ! ğŸ˜‚ğŸ˜‚ğŸ˜‚ğŸ˜‚ğŸ˜‚ğŸ˜‚ğŸ˜‚ 
131,131,2018-04-10 01:30:26,"NÃ£o tem uns entregador de pizza assim aqui nÃ£o hahahaha 
#OOutroLadoDoParaÃ­so",1.0,0.0,1.0,1.0,131,NÃ£o tem uns entregador de pizza assim aqui nÃ£o hahahaha,NÃ£o tem uns entregador de pizza assim aqui nÃ£o hahahaha 
132,132,2018-04-12 00:34:30,"Ãšnica coisa que nÃ£o podemos reclamar dessa novela,Ã© a trilha sonora,pq estÃ¡ impecÃ¡vel.  

#OOutroLadoDoParaÃ­so https://t.co/c6KjJRLSHH",1.0,1.0,1.0,1.0,132,"Ãšnica coisa que nÃ£o podemos reclamar dessa novela,Ã© a trilha sonora,pq estÃ¡ impecÃ¡vel.","Ãšnica coisa que nÃ£o podemos reclamar dessa novela , Ã© a trilha sonora , porque estÃ¡ impecÃ¡vel . "
133,133,2018-04-14 01:49:06,Kero! #OOutroLadoDoParaÃ­so https://t.co/6Go0fU2QRc,1.0,0.0,1.0,1.0,133,Kero!,Quero ! 
134,134,2018-04-14 15:11:55,MEU CLARICK TÃ VÃVISSIMO #OOutroLadoDoParaÃ­so https://t.co/8ZD5Vv4GLy,1.0,1.0,1.0,1.0,134,MEU CLARICK TÃ VÃVISSIMO,MEU Clarice TÃ VÃVISSIMO 
135,135,2018-04-13 00:53:59,"Amor de mÃ£e mesmo, nÃ©? Mesmo sendo humilhada pela menina... #OOutroLadoDoParaÃ­so https://t.co/c1WwAxjJDu",1.0,1.0,0.0,1.0,135,"Amor de mÃ£e mesmo, nÃ©? Mesmo sendo humilhada pela menina...","Amor de mÃ£e mesmo , nÃ© ? Mesmo sendo humilhada pela menina ... "
136,136,2018-04-13 01:37:12,Se um dia eu critiquei o Gael eu nÃ£o lembro rs #OOutroLadoDoParaiso https://t.co/U856CmPK4g,1.0,0.0,1.0,1.0,136,Se um dia eu critiquei o Gael eu nÃ£o lembro rs,Se um dia eu critiquei o Gael eu nÃ£o lembro risos 
137,137,2018-04-10 01:05:05,Estela jÃ¡ saiu puxando o boy KKKKKKK #OOutroLadoDoParaiso,1.0,0.0,1.0,1.0,137,Estela jÃ¡ saiu puxando o boy KKKKKKK,Estela jÃ¡ saiu puxando o boy KKKKKKK 
138,138,2018-04-10 01:04:46,Ususushshshshshshshsjshsjsj esse Gael #OOutroLadodoParaiso,1.0,0.0,1.0,1.0,138,Ususushshshshshshshsjshsjsj esse Gael,Ususushshshshshshshsjshsjsj esse Gael 
139,139,2018-04-12 00:23:37,"Vai JÃ´,doa teu rins pra tua filha amada kkk #OOutroLadoDoParaÃ­so",1.0,1.0,1.0,1.0,139,"Vai JÃ´,doa teu rins pra tua filha amada kkk","Vai JÃ´ , doa teu rins pra tua filha amada kcs "
140,140,2018-04-11 00:41:58,SHIPEEEEEEEEI #OoutroLadoDoParaÃ­so haahahahaha,1.0,0.0,1.0,1.0,140,SHIPEEEEEEEEI  haahahahaha,SHIPEEEEEEEEI haahahahaha 
141,141,2018-04-13 00:56:39,Um absurdo! Eu fumo e sou boazinha ğŸŒ¹ #OOutroLadoDoParaÃ­so https://t.co/GnzWSqAq08,1.0,1.0,0.0,1.0,141,Um absurdo! Eu fumo e sou boazinha ğŸŒ¹,Um absurdo ! Eu fumo e sou boazinha ğŸŒ¹ 
142,142,2018-04-12 00:33:33,"Como vamos shippar, Leandrael GaeLeandra? #OOutroLadoDoParaÃ­so https://t.co/rOiHTClTrV",1.0,1.0,0.0,1.0,142,"Como vamos shippar, Leandrael GaeLeandra?","Como vamos chispar , Leandra GaeLeandra ? "
143,143,2018-04-12 00:25:42,Aaaaaaaah mÃ¡scara caiu  #OOutroLadoDoParaÃ­so,1.0,0.0,1.0,1.0,143,Aaaaaaaah mÃ¡scara caiu,Aah mÃ¡scara caiu 
144,144,2018-04-13 01:17:43,NÃ£o perca a esperanÃ§a Amaro!!  #OOutroLadoDoParaÃ­so,1.0,1.0,0.0,1.0,144,NÃ£o perca a esperanÃ§a Amaro!!,NÃ£o perca a esperanÃ§a Amaro ! ! 
145,145,2018-04-14 00:55:02,"""vamos fazer um sanduÃ­che?""
""Eu prefiro um bj"" 
AAAAAAAAA benan #OOutroLadodoParaÃ­so",1.0,1.0,1.0,1.0,145,"""vamos fazer um sanduÃ­che?""
""Eu prefiro um bj"" 
AAAAAAAAA benan",""" vamos fazer um sanduÃ­che ? "" "" Eu prefiro um beijo "" AAAAAAAAA Benin "
146,146,2018-04-10 01:29:09,Aonde eu moro nÃ£o tem entregador de pizza assim nÃ£o kkkkkkkkkk #OOutroLadoDoParaÃ­so,1.0,0.0,1.0,1.0,146,Aonde eu moro nÃ£o tem entregador de pizza assim nÃ£o kkkkkkkkkk,Aonde eu moro nÃ£o tem entregador de pizza assim nÃ£o kkkkkkkkkk 
147,147,2018-04-13 01:30:41,"A mina nÃ£o dÃ¡ bola pro cara,
Ai ele resolve doar um Rim pra ela...
Brother kkkkkkkk ğŸ˜‚ #OOutroLadoDoParaiso",1.0,1.0,0.0,1.0,147,"A mina nÃ£o dÃ¡ bola pro cara,
Ai ele resolve doar um Rim pra ela...
Brother kkkkkkkk ğŸ˜‚","A mina nÃ£o dÃ¡ bola pro cara , Ai ele resolve doar um Rim pra ela ... Brother kkkkkkkk ğŸ˜‚ "
148,148,2018-04-10 01:24:44,"NÃ¡dia pedindo perdÃ£oooo pra Raqueeeel, momento HISTÃ“RICO, ja tava na hora ja #OOutroLadoDoParaÃ­so",1.0,0.0,1.0,1.0,148,"NÃ¡dia pedindo perdÃ£oooo pra Raqueeeel, momento HISTÃ“RICO, ja tava na hora ja","NÃ¡dia pedindo perdÃ£o pra Raquel , momento HISTÃ“RICO , jÃ¡ estava na hora jÃ¡ "
149,149,2018-04-10 00:44:11,"AmoooÃ´ as cenas do Samuel kkkkkkkkk

#OOutroLadoDoParaiso",1.0,1.0,1.0,1.0,149,AmoooÃ´ as cenas do Samuel kkkkkkkkk,AmoÃ´ as cenas do Samuel kkkkkkkkk 
150,150,2018-04-12 00:33:57,"Esse XodÃ³ Ã© uma gracinha nÃ© 
#OOutroLadoDoParaiso",1.0,1.0,1.0,1.0,150,Esse XodÃ³ Ã© uma gracinha nÃ©,Esse XodÃ³ Ã© uma gracinha nÃ© 
151,151,2018-04-11 00:36:36,NÃ£o pq aqui nunca vai entregador de pizza bonito #OOutroLadoDoParaÃ­so https://t.co/eCBdV5BV2a,1.0,0.0,1.0,1.0,151,NÃ£o pq aqui nunca vai entregador de pizza bonito,NÃ£o porque aqui nunca vai entregador de pizza bonito 
152,152,2018-04-10 01:30:36,"Nunca que aparece um entregador de pizza gato desse aqui na minha cidade, triste realidade #OOutroLadoDoParaÃ­so",1.0,-1.0,1.0,1.0,152,"Nunca que aparece um entregador de pizza gato desse aqui na minha cidade, triste realidade","Nunca que aparece um entregador de pizza gato desse aqui na minha cidade , triste realidade "
153,153,2018-04-11 00:48:22,SOCORROOOOO NADIA HAHAHAHA #OoutroLadoDoParaÃ­so,1.0,0.0,1.0,1.0,153,SOCORROOOOO NADIA HAHAHAHA,SOCORROOOOO Nadia HAHAHAHA 
154,154,2018-04-10 01:06:01,#OOutroLadoDoParaiso Gael deu uma mitada agr kkkkkkkkkkkkkl tenso,1.0,-1.0,1.0,1.0,154,Gael deu uma mitada agr kkkkkkkkkkkkkl tenso,Gael deu uma minada agora kkkkkkkkkkkkkl tenso 
155,155,2018-04-12 00:26:11,"Tomaaaaa Adriana , baba ovo de JÃ´ agr  #OOutroLadoDoParaiso",1.0,-1.0,1.0,1.0,155,"Tomaaaaa Adriana , baba ovo de JÃ´ agr","Tomatada Adriana , baba ovo de JÃ´ agora "
156,156,2018-04-10 00:41:08,Fernanda Rodrigues de volta Ã  TV Ã© uma das melhores coisas que essa novela proporcionou #OOutroLadoDoParaÃ­so,1.0,1.0,1.0,1.0,156,Fernanda Rodrigues de volta Ã  TV Ã© uma das melhores coisas que essa novela proporcionou,Fernanda Rodrigues de volta Ã  TV Ã© uma das melhores coisas que essa novela proporcionou 
157,157,2018-04-14 01:26:11,Patrick e seu caderninho de anotaÃ§Ãµes &lt;3 #OOutroLadoDoParaÃ­so,1.0,1.0,1.0,1.0,157,Patrick e seu caderninho de anotaÃ§Ãµes &lt;3,Patrick e seu caderninho de anotaÃ§Ãµes &lt ; 3 
158,158,2018-04-12 00:36:05,"Ferrou Sophia ğŸ˜, Gaelzinho tÃ¡ na tua cola #OOutroLadoDoParaÃ­so",1.0,-1.0,1.0,1.0,158,"Ferrou Sophia ğŸ˜, Gaelzinho tÃ¡ na tua cola","Ferrou Sophia ğŸ˜ , Golzinho tÃ¡ na tua cola "
159,159,2018-04-13 01:08:13,"#OOutroLadoDoParaÃ­so
PATRICK Ã‰ UM HOMÃƒO",1.0,1.0,1.0,1.0,159,PATRICK Ã‰ UM HOMÃƒO,Patrick Ã‰ UM HOMÃƒO 
160,160,2018-04-12 00:06:51,"Que falta me faz um XodÃ³ 
#OOutroLadoDoParaÃ­so https://t.co/DLGgh0HVOt",1.0,0.0,1.0,1.0,160,Que falta me faz um XodÃ³,Que falta me faz um XodÃ³ 
161,161,2018-04-13 00:49:50,BÃ¡rbara Paz faz um papel de maluca como ninguÃ©m hahahahahahahaha #OOutroLadoDoParaÃ­so,1.0,1.0,1.0,1.0,161,BÃ¡rbara Paz faz um papel de maluca como ninguÃ©m hahahahahahahaha,BÃ¡rbara Paz faz um papel de maluca como ninguÃ©m hahahahahahahaha 
162,162,2018-04-14 00:51:16,Morta com o trocadinho que a Sophia deu pro Gael. Jesuuuus kkkkk #ooutroladodoparaÃ­so,1.0,0.0,1.0,1.0,162,Morta com o trocadinho que a Sophia deu pro Gael. Jesuuuus kkkkk,Morta com o trocadilho que a Sophia deu pro Gael . Jesus kkkkk 
163,163,2018-04-13 01:30:30,"""Ela se recusou a doar.""
Adriana sendo tombada com sucesso!!
#OOutroLadoDoParaiso https://t.co/umuVsgPGFq",1.0,1.0,1.0,1.0,163,"""Ela se recusou a doar.""
Adriana sendo tombada com sucesso!!",""" Ela se recusou a doar . "" Adriana sendo tombada com sucesso ! ! "
164,164,2018-04-14 00:42:13,"Como dizia minha bisavÃ³, â€œamor antigo tem raizes enormesâ€, hehe Sabia que CidoEL ( Samuel e Cido) ficariam juntos nâ€¦ https://t.co/rVLT07ewEN",1.0,1.0,0.0,1.0,164,"Como dizia minha bisavÃ³, â€œamor antigo tem raizes enormesâ€, hehe Sabia que CidoEL ( Samuel e Cido) ficariam juntos nâ€¦","Como dizia minha bisavÃ³ , â€œamor antigo tem raÃ­zes enormesâ€ , he Sabia que Cipoal ( Samuel e Sido ) ficariam juntos nÃ£oâ€¦ "
165,165,2018-04-11 01:25:55,Bruno tombado pela Rquel kkkkkkkkkkk #OOutroLadoDoParaiso,1.0,0.0,1.0,1.0,165,Bruno tombado pela Rquel kkkkkkkkkkk,Bruno tombado pela Raquel kkkkkkkkkkk 
166,166,2018-04-13 00:53:03,Eu AMEI esse tapa #OOutroLadoDoParaÃ­so https://t.co/WpYLCuuKei,1.0,1.0,1.0,1.0,166,Eu AMEI esse tapa,Eu AMEI esse tapa 
167,167,2018-04-14 01:27:21,MEU DEUS A BEATRIZ TA VIVAAAAAA #OOutroLadoDoParaiso,1.0,1.0,1.0,1.0,167,MEU DEUS A BEATRIZ TA VIVAAAAAA,MEU DEUS A Beatriz estÃ¡ VIVAAAAAA 
168,168,2018-04-13 00:50:01,BOFETADA NA POC #OOutroLadoDoParaÃ­so https://t.co/RjuEka5hSa,1.0,0.0,1.0,1.0,168,BOFETADA NA POC,BOFETADA NA Pac 
169,169,2018-04-14 01:27:20,Beatriz tÃ¡ vivÃ­ssima.SÃ³ vem tombo  Fabinato.  #OOutroLadodoParaÃ­so,1.0,1.0,1.0,1.0,169,Beatriz tÃ¡ vivÃ­ssima.SÃ³ vem tombo  Fabinato.,Beatriz tÃ¡ vivÃ­ssima . SÃ³ vem tombo Faminto . 
170,170,2018-04-10 01:35:26,Passada que na novela um bebÃª negro acabou com o racismo. Quem dera se a realidade fosse tÃ£o simples assim... #OOutroLadoDoParaÃ­so,-1.0,1.0,1.0,1.0,170,Passada que na novela um bebÃª negro acabou com o racismo. Quem dera se a realidade fosse tÃ£o simples assim...,Passada que na novela um bebÃª negro acabou com o racismo . Quem dera se a realidade fosse tÃ£o simples assim ... 
171,171,2018-04-14 01:24:04,Prontos para outro tombo da Adriana? ADORO   #OOutroLadoDoParaÃ­so,1.0,1.0,1.0,1.0,171,Prontos para outro tombo da Adriana? ADORO,Prontos para outro tombo da Adriana ? ADORO 
172,172,2018-04-14 00:28:36,@PrintsAoVivo Finalmente esse Samuel colaborou com a Beth #OOutroLadoDoParaÃ­so,1.0,0.0,1.0,1.0,172,Finalmente esse Samuel colaborou com a Beth,Finalmente esse Samuel colaborou com a Beth 
173,173,2018-04-13 01:03:42,De todos os capangas da Sophia o ZÃ© VÃ­tor Ã© o mais atrevido ğŸ˜‚ #OOutroLadoDoParaiso,1.0,1.0,1.0,1.0,173,De todos os capangas da Sophia o ZÃ© VÃ­tor Ã© o mais atrevido ğŸ˜‚,De todos os capangas da Sophia o ZÃ© VÃ­tor Ã© o mais atrevido ğŸ˜‚ 
174,174,2018-04-10 00:41:47,"@FerRod como sempre dando um show de interpretaÃ§Ã£o 
#OoutroLadoDoParaiso",1.0,0.0,1.0,1.0,174,como sempre dando um show de interpretaÃ§Ã£o,Como sempre dando um show de interpretaÃ§Ã£o 
175,175,2018-04-11 01:34:40,"""Tua mÃ£e Ã© uma assassina"" KKKK XodÃ³ curto e grosso !! #OOutroLadoDoParaiso",1.0,0.0,1.0,1.0,175,"""Tua mÃ£e Ã© uma assassina"" KKKK XodÃ³ curto e grosso !!",""" Tua mÃ£e Ã© uma assassina "" Kick XodÃ³ curto e grosso ! ! "
176,176,2018-04-13 01:30:34,Aleluia!!! Adriana deu uma trÃ©gua a Nicolau!!! #OOutroLadoDoParaÃ­so,1.0,1.0,1.0,1.0,176,Aleluia!!! Adriana deu uma trÃ©gua a Nicolau!!!,Aleluia ! ! ! Adriana deu uma trÃ©gua a Nicolau ! ! ! 
177,177,2018-04-11 00:58:43,"ZÃ© Vitor vai ser difÃ­cil hein, Sophia kkkkk #OOutroLadoDoParaÃ­so",1.0,0.0,1.0,1.0,177,"ZÃ© Vitor vai ser difÃ­cil hein, Sophia kkkkk","ZÃ© Vitor vai ser difÃ­cil hein , Sophia kkkkk "
178,178,2018-04-10 01:32:25,Samuel nao pode ver um macho que fica piscando KKKKKKKKKKKKKKKKK #OOutroLadoDoParaÃ­so,1.0,0.0,1.0,1.0,178,Samuel nao pode ver um macho que fica piscando KKKKKKKKKKKKKKKKK,Samuel nÃ£o pode ver um macho que fica piscando KKKKKKKKKKKKKKKKK 
179,179,2018-04-14 00:29:18,Amando essa novela cada dia mais ğŸ˜ğŸ’™ #OOutroLadoDoParaiso,1.0,1.0,1.0,1.0,179,Amando essa novela cada dia mais ğŸ˜ğŸ’™,Amando essa novela cada dia mais ğŸ˜ğŸ’™ 
180,180,2018-04-10 01:06:50,"ğŸ˜‚ğŸ˜‚ğŸ˜‚

Samuel subindo nas paredes...

Macho, muito macho... Pena que embaixo de outroğŸ˜ˆğŸ˜ˆğŸ˜ˆ dlÃ§...

#OOutroLadoDoParaiso #RedeGlobo",1.0,1.0,1.0,1.0,180,"ğŸ˜‚ğŸ˜‚ğŸ˜‚

Samuel subindo nas paredes...

Macho, muito macho... Pena que embaixo de outroğŸ˜ˆğŸ˜ˆğŸ˜ˆ dlÃ§...","ğŸ˜‚ğŸ˜‚ğŸ˜‚ Samuel subindo nas paredes ... Macho , muito macho ... Pena que embaixo de outroğŸ˜ˆğŸ˜ˆğŸ˜ˆ DLX ... "
181,181,2018-04-10 01:29:37,"Um entregador de pizza desse pÃ´. Eu ia pedi pizza todos os dias, armariaaaa.  #OOutroLadoDoParaÃ­so",1.0,1.0,1.0,1.0,181,"Um entregador de pizza desse pÃ´. Eu ia pedi pizza todos os dias, armariaaaa.","Um entregador de pizza desse po . Eu ia pedi pizza todos os dias , armaria . "
182,182,2018-04-11 01:17:25,"Gracinha as quengas casando

#OOutroLadoDoParaÃ­so",1.0,0.0,1.0,1.0,182,Gracinha as quengas casando,Gracinha as quengas casando 
183,183,2018-04-14 01:05:05,Mayana Neiva Ã© sem dÃºvida uma das mulheres mais bonitas do Brasil #OOutroLadoDoParaÃ­so,1.0,1.0,1.0,1.0,183,Mayana Neiva Ã© sem dÃºvida uma das mulheres mais bonitas do Brasil,Mana Neiva Ã© sem dÃºvida uma das mulheres mais bonitas do Brasil 
184,184,2018-04-10 01:30:06,"Quero o numero dessa pizzaria jÃ¡. 

ğŸ˜ ğŸ˜ 

 #OOutroLadoDoParaÃ­so",1.0,1.0,1.0,1.0,184,"Quero o numero dessa pizzaria jÃ¡. 

ğŸ˜ ğŸ˜",Quero o nÃºmero dessa pizzaria jÃ¡ . ğŸ˜ ğŸ˜ 
185,185,2018-04-14 01:28:16,"Reitrick lindo e maravilhoso 
Thiago rei supremo @fragosothiago
#OOutroLadoDoParaiso",1.0,1.0,1.0,1.0,185,"Reitrick lindo e maravilhoso 
Thiago rei supremo",Reitrick lindo e maravilhoso Thiago rei supremo 
186,186,2018-04-11 01:14:35,Esse bordel vai acabar a novela falido. Todas as mulheres casando ğŸ˜† #ooutroladodoparaiso,1.0,0.0,1.0,1.0,186,Esse bordel vai acabar a novela falido. Todas as mulheres casando ğŸ˜†,Esse bordel vai acabar a novela falido . Todas as mulheres casando ğŸ˜† 
187,187,2018-04-10 01:12:10,Bruno estÃ¡ deliciosamente macho nessa fase mais decidida #ooutroladodoparaiso,1.0,1.0,1.0,1.0,187,Bruno estÃ¡ deliciosamente macho nessa fase mais decidida,Bruno estÃ¡ deliciosamente macho nessa fase mais decidida 
188,188,2018-04-10 01:01:03,"Baita ator esse SÃ©rgio GuizÃ©, um dos melhores dessa geraÃ§Ã£o.

#OOutroLadoDoParaiso",1.0,1.0,1.0,1.0,188,"Baita ator esse SÃ©rgio GuizÃ©, um dos melhores dessa geraÃ§Ã£o.","Baita ator esse SÃ©rgio Guizo , um dos melhores dessa geraÃ§Ã£o . "
189,189,2018-04-10 01:21:14,QUE novela #OOutroLadoDoParaiso,1.0,0.0,1.0,1.0,189,QUE novela,QUE novela 
190,190,2018-04-14 00:39:11,#OOutroLadoDoParaÃ­so.  Que lindo! Eriberto LeÃ£o arrasandoo!,1.0,1.0,1.0,1.0,190,Que lindo! Eriberto LeÃ£o arrasandoo!,Que lindo ! Eriberto LeÃ£o arrasando ! 
191,191,2018-04-10 01:28:26,"Que que issooo esse moÃ§o da pizza hahahahaah
#OoutroLadoDoParaiso",1.0,0.0,1.0,1.0,191,Que que issooo esse moÃ§o da pizza hahahahaah,Que que isso esse moÃ§o da pizza hahahahaah 
192,192,2018-04-13 01:11:13,E a internet vai a loucura depois desse abraÃ§o  #OOutroLadoDoParaiso https://t.co/RHWYBFEFBg,1.0,0.0,1.0,1.0,192,E a internet vai a loucura depois desse abraÃ§o,E a Internet vai a loucura depois desse abraÃ§o 
193,193,2018-04-13 01:30:22,O Nicolau faz tudo pela Adriana. Que amor! #OOutroLadoDoParaÃ­so,1.0,1.0,1.0,1.0,193,O Nicolau faz tudo pela Adriana. Que amor!,O Nicolau faz tudo pela Adriana . Que amor ! 
194,194,2018-04-11 01:26:39,"#OOutroLadoDoParaiso Bruno: o que eu faÃ§o agora? 

VEM PRA MIM NENÃ‰M",1.0,0.0,1.0,1.0,194,"Bruno: o que eu faÃ§o agora? 

VEM PRA MIM NENÃ‰M",Bruno : o que eu faÃ§o agora ? VEM PRA MIM NENÃ‰M 
195,195,2018-04-13 00:49:04,meu deus a jÃ´ Ã© uma demÃ´nia kkkk #OOutroLadoDoParaiso,1.0,1.0,1.0,1.0,195,meu deus a jÃ´ Ã© uma demÃ´nia kkkk,Meu deus a jÃ´ Ã© uma demÃ´nio Kick 
196,196,2018-04-13 23:46:10,MEU DEUS A REAÃ‡ÃƒO DA JÃ” QUANDO DESCOBRIU QUE TEM O RIM COMPATÃVEL SENDO QUE ELA NAO QUER DOAR KKKKKKKKKKKKKKKKKKKKKâ€¦ https://t.co/EVX7FqJaJA,1.0,1.0,1.0,1.0,196,MEU DEUS A REAÃ‡ÃƒO DA JÃ” QUANDO DESCOBRIU QUE TEM O RIM COMPATÃVEL SENDO QUE ELA NAO QUER DOAR KKKKKKKKKKKKKKKKKKKKKâ€¦,MEU DEUS A REAÃ‡ÃƒO DA JÃ” QUANDO DESCOBRIU QUE TEM O RIM COMPATÃVEL SENDO QUE ELA NÃ£o QUER DOAR KKKKKKKKKKKKKKKKKKKKKâ€¦ 
197,197,2018-04-10 00:56:51,"Finalmente Henrique banana fez alguma coisa!!
Vraaaaaaaaa

 #OOutroLadoDoParaiso",1.0,1.0,1.0,1.0,197,"Finalmente Henrique banana fez alguma coisa!!
Vraaaaaaaaa",Finalmente Henrique banana fez alguma coisa ! ! Vra 
198,198,2018-04-12 00:34:06,#OOutroLadoDoParaiso 1569... Quem.prestou atenÃ§ao sabe kkkkkkk,1.0,1.0,0.0,1.0,198,1569... Quem.prestou atenÃ§ao sabe kkkkkkk,1569 ... Quem . Prestou atenÃ§Ã£o sabe kkkkkkk 
199,199,2018-04-14 01:14:09,"#OOutroLadodoParaÃ­so tenho boas notÃ­cias, MARIANO TA VIVÃSSIMO!!!!",1.0,1.0,1.0,1.0,199,"tenho boas notÃ­cias, MARIANO TA VIVÃSSIMO!!!!","Tenho boas notÃ­cias , MARIANO estÃ¡ VIVÃSSIMO ! ! ! ! "
200,200,2018-04-14 00:55:54,"Vamos fazer um sanduÃ­che?
Eu prefiro um beijo! ğŸ’‹
#OOutroLadoDoParaiso 
#SextaDetremuraSDV 
#DiadoBeijo",0.0,1.0,1.0,1.0,200,"Vamos fazer um sanduÃ­che?
Eu prefiro um beijo! ğŸ’‹",Vamos fazer um sanduÃ­che ? Eu prefiro um beijo ! ğŸ’‹ 
201,201,2018-04-10 02:20:38,"Quis cena, hein, amigo.... QE ESSO âœŒï¸âœŒï¸

#ooutroladodoparaiso https://t.co/KRvtNfBoBG",1.0,0.0,1.0,1.0,201,"Quis cena, hein, amigo.... QE ESSO âœŒï¸âœŒï¸","Quis cena , hein , amigo ... que Esso âœŒï¸âœŒï¸ "
202,202,2018-04-13 01:37:01,"AÃ­ Gael â¤ï¸
#OOutroLadodoParaÃ­so",1.0,1.0,1.0,1.0,202,AÃ­ Gael â¤ï¸,AÃ­ Gael â¤ï¸ 
203,203,2018-04-10 01:05:08,O Samuel elogiando o Amaro Ã© qualquer coisa de maravilhoso hahahaha #OOutroLadoDoParaiso,1.0,1.0,1.0,1.0,203,O Samuel elogiando o Amaro Ã© qualquer coisa de maravilhoso hahahaha,O Samuel elogiando o Amaro Ã© qualquer coisa de maravilhoso hahahaha 
204,204,2018-04-11 01:39:39,"""VocÃª quer um suco? Vai tomar na sua casa..""

Clara maravilhosa hahahaha
 #OOutroLadoDoParaiso",1.0,0.0,1.0,1.0,204,"""VocÃª quer um suco? Vai tomar na sua casa..""

Clara maravilhosa hahahaha",""" VocÃª quer um suco ? Vai tomar na sua casa ... "" Clara maravilhosa hahahaha "
205,205,2018-04-11 00:49:39,"Manas, esse sapÃ£o delÃ­cia sÃ³ de cueca todo tatuado e mega forte na novela Ã© o Felipe Tito!? ME SOCORRE PQ TÃ” SEDENTA #OOutroLadoDoParaÃ­so",1.0,0.0,1.0,1.0,205,"Manas, esse sapÃ£o delÃ­cia sÃ³ de cueca todo tatuado e mega forte na novela Ã© o Felipe Tito!? ME SOCORRE PQ TÃ” SEDENTA","Manas , esse sapÃ£o delÃ­cia sÃ³ de cueca todo tatuado e mega forte na novela Ã© o Felipe Tito ! ? ME SOCORRE porque TÃ” SEDENTA "
206,206,2018-04-14 00:24:52,"Que sequÃªncia incrÃ­vel essa da Beth, que mÃ£ezona, que mulher!!ğŸ˜¢ğŸ˜¢ğŸ˜¢ğŸ˜¢ #Ooutroladodoparaiso",1.0,-1.0,1.0,1.0,206,"Que sequÃªncia incrÃ­vel essa da Beth, que mÃ£ezona, que mulher!!ğŸ˜¢ğŸ˜¢ğŸ˜¢ğŸ˜¢","Que sequÃªncia incrÃ­vel essa da Beth , que mÃ£ezinha , que mulher ! ! ğŸ˜¢ğŸ˜¢ğŸ˜¢ğŸ˜¢ "
207,207,2018-04-11 00:55:45,"""Bonito.... Bonito, eu gostei"" (Sophia)
ğŸ˜‚ğŸ˜‚ğŸ˜‚ğŸ˜‚ğŸ˜‚ğŸ˜‚

#OOutroLadoDoParaÃ­so",1.0,0.0,1.0,1.0,207,"""Bonito.... Bonito, eu gostei"" (Sophia)
ğŸ˜‚ğŸ˜‚ğŸ˜‚ğŸ˜‚ğŸ˜‚ğŸ˜‚",""" Bonito ... Bonito , eu gostei "" ( Sophia ) ğŸ˜‚ğŸ˜‚ğŸ˜‚ğŸ˜‚ğŸ˜‚ğŸ˜‚ "
208,208,2018-04-10 01:26:12,Espero q esse pedido de perdÃ£o seja verdadeiro â¤ï¸ #OoutroLadoDoParaÃ­so,1.0,1.0,1.0,1.0,208,Espero q esse pedido de perdÃ£o seja verdadeiro â¤ï¸,Espero que esse pedido de perdÃ£o seja verdadeiro â¤ï¸ 
209,209,2018-04-13 00:39:09,"Vai em paz, coach! #OOutroLadodoParaÃ­so",0.0,1.0,1.0,1.0,209,"Vai em paz, coach!","Vai em paz , Coco ! "
210,210,2018-04-11 00:48:12,Bruno cobrando o acordo e sedento pela Raquel. kkkk #OOutroLadoDoParaiso  #bruquel,1.0,0.0,1.0,1.0,210,Bruno cobrando o acordo e sedento pela Raquel. kkkk,Bruno cobrando o acordo e sedento pela Raquel . Kick 
211,211,2018-04-12 00:25:50,"A mascara da JÃ´ caiu Hahahaha

#OOutroLadoDoParaiso",1.0,1.0,1.0,1.0,211,A mascara da JÃ´ caiu Hahahaha,A mascara da JÃ´ caiu Hahahaha 
212,212,2018-04-10 01:25:34,Que liÃ§Ã£o de vida essa cena da novela #OOutroLadoDoParaiso,1.0,1.0,1.0,1.0,212,Que liÃ§Ã£o de vida essa cena da novela,Que liÃ§Ã£o de vida essa cena da novela 
213,213,2018-04-12 00:57:59,um xodÃ³ desse bicho #OOutroLadoDoParaiso https://t.co/lWPLUGEL3W,0.0,1.0,1.0,1.0,213,um xodÃ³ desse bicho,Um xodÃ³ desse bicho 
214,214,2018-04-12 00:25:46,GENTE A JÃ” SENDO DESMASCARADA #OOutroLadoDoParaiso,1.0,1.0,0.0,1.0,214,GENTE A JÃ” SENDO DESMASCARADA,GENTE A JÃ” SENDO DESMASCARADA 
215,215,2018-04-14 00:56:56,"Quando vocÃª voltar eu estarei aqui de braÃ§os abertos, pq eu te amo - Renan
MEU BENAN TA MAIS VIVO DO QUE NUNCAâ¤ #OOutroLadoDoParaÃ­so",1.0,1.0,1.0,1.0,215,"Quando vocÃª voltar eu estarei aqui de braÃ§os abertos, pq eu te amo - Renan
MEU BENAN TA MAIS VIVO DO QUE NUNCAâ¤","Quando vocÃª voltar eu estarei aqui de braÃ§os abertos , porque eu te amo - Renan MEU Benin estÃ¡ MAIS VIVO DO QUE NUNCAâ¤ "
216,216,2018-04-13 01:12:22,"Patrick Ã© o man mais lindo e com mais personalidade
 #OOutroLadoDoParaiso",1.0,1.0,1.0,1.0,216,Patrick Ã© o man mais lindo e com mais personalidade,Patrick Ã© o Man mais lindo e com mais personalidade 
217,217,2018-04-10 00:54:22,Eu jÃ¡ vi vÃ¡rios papÃ©is do @fragosothiago e o Patrick Ã© um dos melhores de sua carreira. #OOutroLadoDoParaiso,1.0,1.0,1.0,1.0,217,Eu jÃ¡ vi vÃ¡rios papÃ©is do  e o Patrick Ã© um dos melhores de sua carreira.,Eu jÃ¡ vi vÃ¡rios papÃ©is do e o Patrick Ã© um dos melhores de sua carreira . 
218,218,2018-04-11 01:07:12,"Hum, atÃ© a q novela tÃ¡ interessante hoje
#OOutroLadodoParaÃ­so https://t.co/MiZ3wKPE6s",1.0,0.0,1.0,1.0,218,"Hum, atÃ© a q novela tÃ¡ interessante hoje","( expectativa ) , atÃ© a que novela tÃ¡ interessante hoje "
219,219,2018-04-11 01:31:29,#OOutroLadoDoParaiso Thiago Fragoso devia ser patrimÃ³nio Cultural QUE HOMEM MIGOS,1.0,0.0,1.0,1.0,219,Thiago Fragoso devia ser patrimÃ³nio Cultural QUE HOMEM MIGOS,Thiago Fragoso devia ser patrimÃ³nio Cultural QUE HOMEM Amigos 
220,220,2018-04-10 01:36:33,NÃ¡dia deixando o preconceito de lado #OOutroLadoDoParaÃ­so,1.0,0.0,1.0,1.0,220,NÃ¡dia deixando o preconceito de lado,NÃ¡dia deixando o preconceito de lado 
221,221,2018-04-10 00:36:20,Gael mudou pra melhor #OOutroLadoDoParaÃ­so,1.0,1.0,1.0,1.0,221,Gael mudou pra melhor,Gael mudou pra melhor 
222,222,2018-04-12 00:25:24,Kkkkkkk olha o medo da JÃ´!!! #OOutroLadoDoParaÃ­so,1.0,1.0,1.0,1.0,222,Kkkkkkk olha o medo da JÃ´!!!,Kkkkkkk olha o medo da JÃ´ ! ! ! 
223,223,2018-04-12 00:34:36,Um cenÃ£o com um musicÃ£o! #OOutroLadoDoParaÃ­so,1.0,1.0,1.0,1.0,223,Um cenÃ£o com um musicÃ£o!,Um senÃ£o com um moscÃ£o ! 
224,224,2018-04-13 21:52:33,Numa prÃ³xima novela q tiver a Bianca Bin e o SÃ©rgio GuizÃ© serem um casal vou shippar eles pois os dois tem quÃ­mica #OOutroLadoDoParaiso,1.0,1.0,1.0,1.0,224,Numa prÃ³xima novela q tiver a Bianca Bin e o SÃ©rgio GuizÃ© serem um casal vou shippar eles pois os dois tem quÃ­mica,Numa prÃ³xima novela que tiver a Bianca Bin e o SÃ©rgio Guizo serem um casal vou chispar eles pois os dois tem quÃ­mica 
225,225,2018-04-13 00:50:09,bate nelaaaa #OoutroLadoDoParaÃ­so,1.0,-1.0,1.0,1.0,225,bate nelaaaa,Bate nela 
226,226,2018-04-14 00:26:46,"""Brigada, doutor."" (Beth)
â¤ï¸GlÃ³ria Pires â¤ï¸#OOutroLadoDoParaiso https://t.co/YeCoS2X0dQ",1.0,0.0,1.0,1.0,226,"""Brigada, doutor."" (Beth)
â¤ï¸GlÃ³ria Pires â¤ï¸",""" Brigada , doutor . "" ( Beth ) â¤ï¸GlÃ³ria Pires â¤ï¸ "
227,227,2018-04-10 01:28:26,Que pizzaria Ã© essa gente?????? #OOutroLadoDoParaiso,1.0,0.0,1.0,1.0,227,Que pizzaria Ã© essa gente??????,Que pizzaria Ã© essa gente ? ? ? ? ? ? 
228,228,2018-04-10 01:01:41,A CLARA AMA O GAEL SIM! #OOutroLadoDoParaiso,1.0,1.0,0.0,1.0,228,A CLARA AMA O GAEL SIM!,A CLARA AMA O Gael SIM ! 
229,229,2018-04-11 00:43:16,"Samuel, mÃ£e dele super engraÃ§ada e a mÃºsica do #PabloVitar relaxam meu final de noite!
#OoutroLadoDoParaÃ­so",1.0,0.0,1.0,1.0,229,"Samuel, mÃ£e dele super engraÃ§ada e a mÃºsica do  relaxam meu final de noite!","Samuel , mÃ£e dele super engraÃ§ada e a mÃºsica do relaxam meu final de noite ! "
230,230,2018-04-14 02:35:06,"Papai do CÃ©u, me abenÃ§oa com um homem igual o Patrick, por favor ğŸ™ğŸ» #OOutroLadoDoParaiso",1.0,1.0,1.0,1.0,230,"Papai do CÃ©u, me abenÃ§oa com um homem igual o Patrick, por favor ğŸ™ğŸ»","Papai do CÃ©u , me abenÃ§oa com um homem igual o Patrick , por favor ğŸ™ğŸ» "
231,231,2018-04-11 01:17:52,"Essa novela ğŸ˜»
#OOutroLadoDoParaÃ­so",1.0,0.0,1.0,1.0,231,Essa novela ğŸ˜»,Essa novela ğŸ˜» 
232,232,2018-04-10 00:29:41,"Eu quero que alguÃ©m me ame igual o Patrick ama a Clara
AliÃ¡s quero um Patrick pra mim olha que amor olha esse olhinâ€¦ https://t.co/PjJKjuLeDq",1.0,1.0,1.0,1.0,232,"Eu quero que alguÃ©m me ame igual o Patrick ama a Clara
AliÃ¡s quero um Patrick pra mim olha que amor olha esse olhinâ€¦",Eu quero que alguÃ©m me ame igual o Patrick ama a Clara AliÃ¡s quero um Patrick pra mim olha que amor olha esse olhinâ€¦ 
233,233,2018-04-13 01:30:44,agora a bonita vai tratar o nicolau bem #OOutroLadoDoParaÃ­so,1.0,1.0,0.0,1.0,233,agora a bonita vai tratar o nicolau bem,Agora a bonita vai tratar o Nicolau bem 
234,234,2018-04-13 00:50:18,"AtÃ© que enfimmmm um tapaaa
#OoutroLadoDoParaiso",1.0,0.0,1.0,1.0,234,AtÃ© que enfimmmm um tapaaa,AtÃ© que enfimmmm um tapava 
235,235,2018-04-12 00:21:15,Precisava de uma Dona Mercedes na minha vida para me benzer e mostrar os caminho #OOutroLadoDoParaÃ­so,1.0,1.0,1.0,1.0,235,Precisava de uma Dona Mercedes na minha vida para me benzer e mostrar os caminho,Precisava de uma Dona Mercedes na minha vida para me benzer e mostrar os caminho 
236,236,2018-04-13 01:07:27,Vai Patrick! Vai buscar Beatriz pra salvar a Clara! #OOutroLadodoParaiso,1.0,0.0,1.0,1.0,236,Vai Patrick! Vai buscar Beatriz pra salvar a Clara!,Vai Patrick ! Vai buscar Beatriz pra salvar a Clara ! 
237,237,2018-04-13 00:38:50,Mais uma vez o IFES me impedindo de aproveitar as coisas boas da vida/ver a Gloria atuarâ¤ #OOutroLadoDoParaÃ­so,1.0,1.0,1.0,1.0,237,Mais uma vez o IFES me impedindo de aproveitar as coisas boas da vida/ver a Gloria atuarâ¤,Mais uma vez o Bifes me impedindo de aproveitar as coisas boas da vida/ver a GlÃ³ria atuarâ¤ 
238,238,2018-04-13 01:27:43,"MDS TOMA ADRIANA , A JÃ” Q TU AMAVA #OOutroLadodoParaÃ­so",1.0,0.0,1.0,1.0,238,"MDS TOMA ADRIANA , A JÃ” Q TU AMAVA","Modos TOMA Adriana , A JÃ” que TU AMAVA "
239,239,2018-04-11 01:38:19,"Patrick promete Ã  Clara que vencerÃ¡ os embustes  e ele cumprirÃ¡ a promessa. Patrick Ã© gÃªnio.
#OOutroLadoDoParaisoâ€¦ https://t.co/giJHXy5GgP",1.0,0.0,1.0,1.0,239,"Patrick promete Ã  Clara que vencerÃ¡ os embustes  e ele cumprirÃ¡ a promessa. Patrick Ã© gÃªnio.
â€¦",Patrick promete Ã  Clara que vencerÃ¡ os embustes e ele cumprirÃ¡ a promessa . Patrick Ã© gÃªnio . â€¦ 
240,240,2018-04-13 04:31:18,"#PatrickXRaquel
#OOutroLadoDoParaÃ­so
Eu shippo",1.0,1.0,1.0,1.0,240,Eu shippo,Eu Zippo 
241,241,2018-04-14 00:26:33,"Hahahahaha! ForÃ§a Fernanda Montenegro, estamos com vocÃª querida ğŸŒ¹ğŸ˜˜âœŠğŸ¾ #OOutroLadoDoParaÃ­so https://t.co/8s9bXDxGbL",1.0,1.0,1.0,1.0,241,"Hahahahaha! ForÃ§a Fernanda Montenegro, estamos com vocÃª querida ğŸŒ¹ğŸ˜˜âœŠğŸ¾","Hahahahaha ! ForÃ§a Fernanda Montenegro , estamos com vocÃª querida ğŸŒ¹ğŸ˜˜âœŠğŸ¾ "
242,242,2018-04-12 00:26:04,caiu a mÃ¡scara da JÃ´ #OOutroLadoDoParaiso,1.0,1.0,0.0,1.0,242,caiu a mÃ¡scara da JÃ´,Caiu a mÃ¡scara da JÃ´ 
243,243,2018-04-11 01:02:51,A ClÃ©o tem o mesmo dom da avÃ³ ğŸ˜ğŸ˜ #OOutroLadoDoParaÃ­so,1.0,0.0,1.0,1.0,243,A ClÃ©o tem o mesmo dom da avÃ³ ğŸ˜ğŸ˜,A ClÃ©o tem o mesmo dom da avÃ³ ğŸ˜ğŸ˜ 
244,244,2018-04-10 00:09:09,JÃ¡ pode comeÃ§ar #OOutroLadoDoParaiso,1.0,0.0,1.0,1.0,244,JÃ¡ pode comeÃ§ar,JÃ¡ pode comeÃ§ar 
245,245,2018-04-10 01:12:03,Eliane com esse bebÃª tomara que eu exploda de amor ğŸ˜ #OoutroLadoDoParaÃ­so,1.0,1.0,1.0,1.0,245,Eliane com esse bebÃª tomara que eu exploda de amor ğŸ˜,Eliane com esse bebÃª tomara que eu exploda de amor ğŸ˜ 
246,246,2018-04-10 01:40:15,"Meu. ..eu amo esse instrumental mas nunca acho a versÃ£o oficial ,sÃ³ no YouTube editada ...
#OOutroLadoDoParaiso https://t.co/xiP1sLarl1",1.0,1.0,1.0,1.0,246,"Meu. ..eu amo esse instrumental mas nunca acho a versÃ£o oficial ,sÃ³ no YouTube editada ...","Meu . ... eu amo esse instrumental mas nunca acho a versÃ£o oficial , sÃ³ no YouTube editada ... "
247,247,2018-04-14 00:19:14,"""Mariano tÃ¡ morto; foi minha mÃ£e quem matou!"". Wow!! #Ooutroladodoparaiso",,,,,247,"""Mariano tÃ¡ morto; foi minha mÃ£e quem matou!"". Wow!!",""" Mariano tÃ¡ morto ; foi minha mÃ£e quem matou ! "" . Wow ! ! "
248,248,2018-04-17 01:45:29,@ZAMENZA @musajanuza Ficou sensacional pois ele pos visualmente o que sentimos emocionalmente quando estamos encontâ€¦ https://t.co/CyabN7eC0e,,,,,248,Ficou sensacional pois ele pos visualmente o que sentimos emocionalmente quando estamos encontâ€¦,Ficou sensacional pois ele pÃ³s visualmente o que sentimos emocionalmente quando estamos encontâ€¦ 
249,249,2018-04-14 00:21:03,Essa novela cada dia que passa fica melhor #OOutroLadoDoParaÃ­so,,,,,249,Essa novela cada dia que passa fica melhor,Essa novela cada dia que passa fica melhor 
250,250,2018-04-15 01:21:14,"Eu tÃ´ amando essa fase da CÃ¢ndida

Mas nÃ£o vou negar que eu tÃ´ morrendo de saudade daquela fase da novela que ela fâ€¦ https://t.co/ifrwHsBU1m",,,,,250,"Eu tÃ´ amando essa fase da CÃ¢ndida

Mas nÃ£o vou negar que eu tÃ´ morrendo de saudade daquela fase da novela que ela fâ€¦",Eu tÃ´ amando essa fase da CÃ¢ndida Mas nÃ£o vou negar que eu tÃ´ morrendo de saudade daquela fase da novela que ela fâ€¦ 
251,251,2018-04-17 01:11:25,Socorro com essa cena de #OOutroLadoDoParaiso â¤ï¸â¤ï¸â¤ï¸â¤ï¸â¤ï¸â¤ï¸ https://t.co/NLU5bU5jzb,,,,,251,Socorro com essa cena de  â¤ï¸â¤ï¸â¤ï¸â¤ï¸â¤ï¸â¤ï¸,Socorro com essa cena de â¤ï¸â¤ï¸â¤ï¸â¤ï¸â¤ï¸â¤ï¸ 
252,252,2018-04-10 01:36:18,"XodÃ³ Ã© fofinho kkk 

Samuel vai lÃ¡ flertar com ele  #ooutroladodoparaiso",,,,,252,"XodÃ³ Ã© fofinho kkk 

Samuel vai lÃ¡ flertar com ele",XodÃ³ Ã© fofinho kcs Samuel vai lÃ¡ flertar com ele 
253,253,2018-04-11 00:38:52,Nossa! Que entregador de pizza Ã© esse? TÃ´ apaixonada por ele junto com o Samuel. #OOutroLadoDoParaiso,,,,,253,Nossa! Que entregador de pizza Ã© esse? TÃ´ apaixonada por ele junto com o Samuel.,Nossa ! Que entregador de pizza Ã© esse ? TÃ´ apaixonada por ele junto com o Samuel . 
254,254,2018-04-15 01:22:20,MEU MARIANO ESTÃ VIVOOOO #OOutroLadoDoParaiso,,,,,254,MEU MARIANO ESTÃ VIVOOOO,MEU MARIANO ESTÃ VivoBook 
255,255,2018-04-13 01:31:18,"Adriana vai comeÃ§ar a dar valor pro Nicolau awnnnn ğŸ˜
#OOutroLadoDoParaiso ğŸ“º",,,,,255,"Adriana vai comeÃ§ar a dar valor pro Nicolau awnnnn ğŸ˜
 ğŸ“º",Adriana vai comeÃ§ar a dar valor pro Nicolau Annan ğŸ˜ ğŸ“º 
256,256,2018-04-11 00:43:39,Vai tigrÃ£o! cura gay Ã© o c** #OOutroLadoDoParaiso,,,,,256,Vai tigrÃ£o! cura gay Ã© o c**,Vai tigrÃ£o ! cura gay Ã© o com** 
257,257,2018-04-11 01:31:11,"Patrick eu te venerooooo!
#OOutroLadoDoParaiso",,,,,257,Patrick eu te venerooooo!,Patrick eu te venero ! 
258,258,2018-04-13 00:50:56,"SOCORRO OLHA ESSE TAPÃƒO, BETH 10000 X JÃ” 0,0 #OOutroLadoDoParaÃ­so https://t.co/q4McYPiBuP",,,,,258,"SOCORRO OLHA ESSE TAPÃƒO, BETH 10000 X JÃ” 0,0","SOCORRO OLHA ESSE TavÃ£o , Beth 10000 X JÃ” 0,0 "
259,259,2018-04-17 01:09:26,Que lindo o buquÃª que a Raquel deu pro Bruno!! ğŸ˜ #OOutroLadoDoParaÃ­so,,,,,259,Que lindo o buquÃª que a Raquel deu pro Bruno!! ğŸ˜,Que lindo o buquÃª que a Raquel deu pro Bruno ! ! ğŸ˜ 
260,260,2018-04-14 01:23:45,"Henrique: ""VocÃª Ã© uma mulher extraordinÃ¡ria""
Beth: ""VocÃª Ã© o melhor pai do mundo""
LINDOS, QUE CASALZÃƒO! â¤â¤ #OOutroLadoDoParaÃ­so",,,,,260,"Henrique: ""VocÃª Ã© uma mulher extraordinÃ¡ria""
Beth: ""VocÃª Ã© o melhor pai do mundo""
LINDOS, QUE CASALZÃƒO! â¤â¤","Henrique : "" VocÃª Ã© uma mulher extraordinÃ¡ria "" Beth : "" VocÃª Ã© o melhor pai do mundo "" LINDOS , QUE CasarÃ£o ! â¤â¤ "
261,261,2018-04-17 01:09:04,Raquel lindÃ­ssima falou tudo #OOutroLadoDoParaiso,,,,,261,Raquel lindÃ­ssima falou tudo,Raquel lindÃ­ssima falou tudo 
262,262,2018-04-10 00:30:56,"#OOutroLadoDoParaÃ­so tudo que vai, volta entÃ£o o lindÃ­ssimo Patrick vai voltar pra ela.",,,,,262,"tudo que vai, volta entÃ£o o lindÃ­ssimo Patrick vai voltar pra ela.","Tudo que vai , volta entÃ£o o lindÃ­ssimo Patrick vai voltar pra ela . "
263,263,2018-04-11 00:47:52,Morta hahahahhaahahwhahahhahahsshshs #OOutroLadoDoParaiso,,,,,263,Morta hahahahhaahahwhahahhahahsshshs,Morta hahahahhaahahwhahahhahahsshshs 
264,264,2018-04-17 01:44:13,#OOutroLadoDoParaiso Essas cenas do Patrick advogando. SÃ³ me faz amar ainda mais o Direito... ğŸ˜ğŸ˜ Que cenas Brasil. ğŸ‘ğŸ‘ğŸ‘ğŸ‘ ğŸ“â¤â¤ğŸ“š,,,,,264,Essas cenas do Patrick advogando. SÃ³ me faz amar ainda mais o Direito... ğŸ˜ğŸ˜ Que cenas Brasil. ğŸ‘ğŸ‘ğŸ‘ğŸ‘ ğŸ“â¤â¤ğŸ“š,Essas cenas do Patrick advogando . SÃ³ me faz amar ainda mais o Direito ... ğŸ˜ğŸ˜ Que cenas Brasil . ğŸ‘ğŸ‘ğŸ‘ğŸ‘ ğŸ“â¤â¤ğŸ“š 
265,265,2018-04-10 01:29:45,O Samuel ğŸ˜‚ğŸ˜‚ğŸ˜‚ğŸ˜‚ #OOutroLadoDoParaiso,,,,,265,O Samuel ğŸ˜‚ğŸ˜‚ğŸ˜‚ğŸ˜‚,O Samuel ğŸ˜‚ğŸ˜‚ğŸ˜‚ğŸ˜‚ 
266,266,2018-04-10 01:28:56,Um entregador de pizza desses nÃ£o vem aqui em casa...hahaha #OOutroLadoDoParaÃ­so,,,,,266,Um entregador de pizza desses nÃ£o vem aqui em casa...hahaha,Um entregador de pizza desses nÃ£o vem aqui em casa ... havana 
267,267,2018-04-13 01:07:46,"@sophiaabrahao TÃ¡ gostando do capÃ­tulo de hoje, @sophiaabrahao? ğŸ˜„ #OOutroLadoDoParaÃ­so",,,,,267,"TÃ¡ gostando do capÃ­tulo de hoje, ? ğŸ˜„","TÃ¡ gostando do capÃ­tulo de hoje , ? ğŸ˜„ "
268,268,2018-04-17 00:24:39,"DesirÃ©e, a diaba! â¤ #OOutroLadoDoParaiso",,,,,268,"DesirÃ©e, a diaba! â¤","Desiree , a diaba ! â¤ "
269,269,2018-04-10 01:38:02,XodÃ³ brinca de ser gato  #OOutroLadoDoParaiso,,,,,269,XodÃ³ brinca de ser gato,XodÃ³ brinca de ser gato 
270,270,2018-04-10 01:25:13,"(à²¥_à²¥) que cena linda (à²¥_à²¥)
#OOutroLadoDoParaiso",,,,,270,(à²¥_à²¥) que cena linda (à²¥_à²¥),( à²¥_à²¥ ) que cena linda ( à²¥_à²¥ ) 
271,271,2018-04-10 01:19:12,"Dona NÃ¡dia Ã© muito sem noÃ§Ã£o cara, morro de rir ğŸ˜‚ğŸ˜‚
#OoutroladodoparaÃ­so",,,,,271,"Dona NÃ¡dia Ã© muito sem noÃ§Ã£o cara, morro de rir ğŸ˜‚ğŸ˜‚","Dona NÃ¡dia Ã© muito sem noÃ§Ã£o cara , morro de rir ğŸ˜‚ğŸ˜‚ "
272,272,2018-04-13 01:40:48,"GAEL: ""Mariano tÃ¡ morto, e foi minha mÃ£e que o matou""
eu: agora sim eu botei fÃ© no Gael
 #OOutroLadoDoParaiso",,,,,272,"GAEL: ""Mariano tÃ¡ morto, e foi minha mÃ£e que o matou""
eu: agora sim eu botei fÃ© no Gael","Gael : "" Mariano tÃ¡ morto , e foi minha mÃ£e que o matou "" eu : agora sim eu botei fÃ© no Gael "
273,273,2018-04-17 02:27:48,Lindo esse ensaio da Bella Piero que estÃ¡ colhendo merecidos frutos pelo sucesso da Laura em #OOutroLadoDoParaÃ­so!â€¦ https://t.co/LYsfCWFqPo,,,,,273,Lindo esse ensaio da Bella Piero que estÃ¡ colhendo merecidos frutos pelo sucesso da Laura em â€¦,Lindo esse ensaio da Bella Pierro que estÃ¡ colhendo merecidos frutos pelo sucesso da Laura em â€¦ 
274,274,2018-04-17 01:05:39,"""Aceita, vai q morre"" mano ğŸ˜‚ğŸ˜‚ğŸ˜‚ #OOutroLadoDoParaÃ­so",,,,,274,"""Aceita, vai q morre"" mano ğŸ˜‚ğŸ˜‚ğŸ˜‚",""" Aceita , vai que morre "" mano ğŸ˜‚ğŸ˜‚ğŸ˜‚ "
275,275,2018-04-10 00:55:30,#OOutroLadoDoParaÃ­so na vida eu sou igual Fabiana e Renato sonho com dinheiro e ando com uns trocados no bolso quando sobra ğŸ˜‚ğŸ˜‚ğŸ˜‚ğŸ˜‚ğŸ˜‚,,,,,275,na vida eu sou igual Fabiana e Renato sonho com dinheiro e ando com uns trocados no bolso quando sobra ğŸ˜‚ğŸ˜‚ğŸ˜‚ğŸ˜‚ğŸ˜‚,Na vida eu sou igual Fabiana e Renato sonho com dinheiro e ando com uns trocados no bolso quando sobra ğŸ˜‚ğŸ˜‚ğŸ˜‚ğŸ˜‚ğŸ˜‚ 
276,276,2018-04-11 00:58:45,XodÃ³ Ã© gato demais  #OOutroLadoDoParaÃ­so,,,,,276,XodÃ³ Ã© gato demais,XodÃ³ Ã© gato demais 
277,277,2018-04-15 01:11:49,Cena linda e de uma delicadeza Ã­mpar. Fernanda Montenegro e Caio Paduan magistrais â™¥ï¸ #OOutroLadoDoParaÃ­so,,,,,277,Cena linda e de uma delicadeza Ã­mpar. Fernanda Montenegro e Caio Paduan magistrais â™¥ï¸,Cena linda e de uma delicadeza Ã­mpar . Fernanda Montenegro e Caio Paduano magistrais â™¥ï¸ 
278,278,2018-04-10 01:33:20,Eu to toda arrepiada com essa cena #OOutroLadoDoParaiso,,,,,278,Eu to toda arrepiada com essa cena,Eu estou toda arrepiada com essa cena 
279,279,2018-04-10 01:26:12,Tigrinha mama igual ao pai S2 #OOutroLadoDoParaiso #gulosa,,,,,279,Tigrinha mama igual ao pai S2,Tigrina mama igual ao pai S2 
280,280,2018-04-13 01:30:54,"AtÃ© eu que, sou trouxa, quero! Hahahahahahahahaha #OOutroLadoDoParaiso",,,,,280,"AtÃ© eu que, sou trouxa, quero! Hahahahahahahahaha","AtÃ© eu que , sou trouxa , quero ! Hahahahahahahahaha "
281,281,2018-04-13 01:32:45,"#OOutroLadoDoParaÃ­so
DONA PIRES A SENHORA Ã‰ DESTRUIDORA",,,,,281,DONA PIRES A SENHORA Ã‰ DESTRUIDORA,DONA PIRES A SENHORA Ã‰ DESTRUIDORA 
282,282,2018-04-10 01:03:14,"Eu espero que o final seja Clarick, eles sÃ£o tÃ£o lindos juntos #OOutroLadoDoParaÃ­so",,,,,282,"Eu espero que o final seja Clarick, eles sÃ£o tÃ£o lindos juntos","Eu espero que o final seja Clarice , eles sÃ£o tÃ£o lindos juntos "
283,283,2018-04-17 00:55:53,Gael virou o mocinho e o doutor vilÃ£o. Foi a Ãºnica coisa que gostei na novela #OOutroLadoDoParaiso,,,,,283,Gael virou o mocinho e o doutor vilÃ£o. Foi a Ãºnica coisa que gostei na novela,Gael virou o mocinho e o doutor vilÃ£o . Foi a Ãºnica coisa que gostei na novela 
284,284,2018-04-12 22:17:35,@CaioPaduan Coisa mais rica dÃ¡ minha vida amooo ğŸ’— de paixÃ£o esse casalzÃ£o nunca visto antes tamanha sintoniaâ€¦ https://t.co/JBIvl8AQYE,,,,,284,Coisa mais rica dÃ¡ minha vida amooo ğŸ’— de paixÃ£o esse casalzÃ£o nunca visto antes tamanha sintoniaâ€¦,Coisa mais rica dÃ¡ minha vida amo ğŸ’— de paixÃ£o esse casarÃ£o nunca visto antes tamanha sintoniaâ€¦ 
285,285,2018-04-11 00:35:57,AMO as recaÃ­das gay do Samuel hahah #OOutroLadoDoParaiso,,,,,285,AMO as recaÃ­das gay do Samuel hahah,AMO as recaÃ­das gay do Samuel Haia 
286,286,2018-04-10 00:57:19,pisa menos Henrique #OoutroLadoDoParaÃ­so,,,,,286,pisa menos Henrique,Pisa menos Henrique 
287,287,2018-04-17 00:12:10,"Essa novela vai tÃ¡ muito boa hoje!!
#OOutroLadodoParaÃ­so",,,,,287,Essa novela vai tÃ¡ muito boa hoje!!,Essa novela vai tÃ¡ muito boa hoje ! ! 
288,288,2018-04-10 00:43:11,Melhor casal esse samuel e cido kkkkkkkkkk #OOutroLadoDoParaiso,,,,,288,Melhor casal esse samuel e cido kkkkkkkkkk,Melhor casal esse Samuel e sido kkkkkkkkkk 
289,289,2018-04-10 00:41:05,"""uma doida que deixou uma fortuna pra outra doida"" 

ğŸ˜‚ğŸ˜‚ğŸ˜‚ğŸ˜‚ğŸ˜‚ğŸ˜‚

#OOutroLadoDoParaiso",,,,,289,"""uma doida que deixou uma fortuna pra outra doida"" 

ğŸ˜‚ğŸ˜‚ğŸ˜‚ğŸ˜‚ğŸ˜‚ğŸ˜‚",""" uma doida que deixou uma fortuna pra outra doida "" ğŸ˜‚ğŸ˜‚ğŸ˜‚ğŸ˜‚ğŸ˜‚ğŸ˜‚ "
290,290,2018-04-17 01:10:23,"UÃ©, acabou a luz ğŸ¤” hahahahaha! TÃ¡ nÃ©, Raquel e Bruno casal voltou, pelo menos isso!  #OOutroLadodoParaÃ­so",,,,,290,"UÃ©, acabou a luz ğŸ¤” hahahahaha! TÃ¡ nÃ©, Raquel e Bruno casal voltou, pelo menos isso!","UÃ© , acabou a luz ğŸ¤” hahahahaha ! TÃ¡ nÃ© , Raquel e Bruno casal voltou , pelo menos isso ! "
291,291,2018-04-15 01:17:37,Skskskskskksksksksksksks mds #OoutroLadoDoParaiso,,,,,291,Skskskskskksksksksksksks mds,Skskskskskksksksksksksks modos 
292,292,2018-04-15 01:02:39,"Cada dia que passa, eu me apaixono mais pelo XodÃ³, que homem! #OOutroLadoDoParaiso",,,,,292,"Cada dia que passa, eu me apaixono mais pelo XodÃ³, que homem!","Cada dia que passa , eu me apaixono mais pelo XodÃ³ , que homem ! "
293,293,2018-04-08 01:57:20,AlguÃ©m passa aÃ­ pfv o insta desse ator maravilhoso que faz o Ademir obg  #OOutroLadoDoParaiso,,,,,293,AlguÃ©m passa aÃ­ pfv o insta desse ator maravilhoso que faz o Ademir obg,AlguÃ©m passa aÃ­ ppb o insta desse ator maravilhoso que faz o Ademir obrigado 
294,294,2018-04-13 00:36:20,Que cena maravilhosa! #OOutroLadoDoParaiso,,,,,294,Que cena maravilhosa!,Que cena maravilhosa ! 
295,295,2018-04-10 01:05:07,"Voce ta dando em cima do portuga ? Kkkkkkkkkkkkkk ai ai Gaeeeell
#OOutroLadoDoParaÃ­so",,,,,295,Voce ta dando em cima do portuga ? Kkkkkkkkkkkkkk ai ai Gaeeeell,VocÃª estÃ¡ dando em cima do portuga ? Kkkkkkkkkkkkkk ai ai Gaell 
296,296,2018-04-15 00:42:50,"Gente, que linda que a @erikajanuza tÃ¡ na novela hj  #OOutroLadoDoParaÃ­so",,,,,296,"Gente, que linda que a  tÃ¡ na novela hj","Gente , que linda que a tÃ¡ na novela hoje "
297,297,2018-04-17 00:22:54,"MEU MARIANO TA VIVOOOOOO 
AAAAAAAAAH ğŸ˜ #OOutroLadoDoParaiso",,,,,297,"MEU MARIANO TA VIVOOOOOO 
AAAAAAAAAH ğŸ˜",MEU MARIANO estÃ¡ VIVOOOOOO AAAAAAAAAH ğŸ˜ 
298,298,2018-04-10 01:29:39,"Meu deus!!! Com esse entregador de pizza quem nÃ£o chamaria pra jantar tbm? Hahaha
#OOutroLadoDoParaÃ­so",,,,,298,Meu deus!!! Com esse entregador de pizza quem nÃ£o chamaria pra jantar tbm? Hahaha,Meu deus ! ! ! Com esse entregador de pizza quem nÃ£o chamaria pra jantar tambÃ©m ? Havana 
299,299,2018-04-15 01:18:19,#OOutroLadoDoParaiso eu tÃ´ passando mal com essa cena KKKKKKKKKKKKLLLLLLKK,,,,,299,eu tÃ´ passando mal com essa cena KKKKKKKKKKKKLLLLLLKK,Eu tÃ´ passando mal com essa cena KKKKKKKKKKKKLLLLLLKK 
300,300,2018-04-13 01:15:01,"Esse sorrisinho, voz e brinco do Gael me mata!! ğŸ˜ğŸ˜ #OOutroLadoDoParaÃ­so",,,,,300,"Esse sorrisinho, voz e brinco do Gael me mata!! ğŸ˜ğŸ˜","Esse sorrisinho , voz e brinco do Gael me mata ! ! ğŸ˜ğŸ˜ "
301,301,2018-04-17 01:11:15,"Que cena linda! ğŸ˜
#OOutroLadoDoParaiso",,,,,301,Que cena linda! ğŸ˜,Que cena linda ! ğŸ˜ 
302,302,2018-04-10 00:50:15,#OOutroLadoDoParaÃ­so Fabiana esperando um menu refinado e Renato o que traz pizza ğŸ˜‚ğŸ˜‚ğŸ˜‚ğŸ˜‚ğŸ˜‚ pobre sofre demais https://t.co/p2S9xJ8gTm,,,,,302,Fabiana esperando um menu refinado e Renato o que traz pizza ğŸ˜‚ğŸ˜‚ğŸ˜‚ğŸ˜‚ğŸ˜‚ pobre sofre demais,Fabiana esperando um menu refinado e Renato o que traz pizza ğŸ˜‚ğŸ˜‚ğŸ˜‚ğŸ˜‚ğŸ˜‚ pobre sofre demais 
303,303,2018-04-10 00:59:42,Eu vendo Henrique colocando jÃ´ em seu devido lugar! #OOutroLadoDoParaiso ğŸ‘ğŸ‘ğŸ‘ pelo menos pra isso ele serve nÃ©! https://t.co/XiIdWJuj8L,,,,,303,Eu vendo Henrique colocando jÃ´ em seu devido lugar!  ğŸ‘ğŸ‘ğŸ‘ pelo menos pra isso ele serve nÃ©!,Eu vendo Henrique colocando jÃ´ em seu devido lugar ! ğŸ‘ğŸ‘ğŸ‘ pelo menos pra isso ele serve nÃ© ! 
304,304,2018-04-17 00:52:16,BEBÃŠÃŠÃŠ #OOutroLadoDoParaiso,,,,,304,BEBÃŠÃŠÃŠ,BEBÃŠÃŠÃŠ 
305,305,2018-04-10 01:05:04,Hahahahaha amo o Gael #OOutroLadodoParaÃ­so,,,,,305,Hahahahaha amo o Gael,Hahahahaha amo o Gael 
306,306,2018-04-17 02:34:44,Casalzao da porra que se fala nÃ©? #Bruquel eu amo â¤ #OOutroLadoDoParaiso @CaioPaduan ğŸ˜ğŸ˜ https://t.co/efuQKWP4Ka,,,,,306,Casalzao da porra que se fala nÃ©?  eu amo â¤   ğŸ˜ğŸ˜,Casalas da porra que se fala nÃ© ? eu amo â¤ ğŸ˜ğŸ˜ 
307,307,2018-04-13 01:33:27,"Nicolau Ã© brasileiro mesmo nÃ©h, num desiste nunca, Ã© atÃ© bonitinho
#OOutroLadoDoParaÃ­so https://t.co/iS6Q8VbaGh",,,,,307,"Nicolau Ã© brasileiro mesmo nÃ©h, num desiste nunca, Ã© atÃ© bonitinho","Nicolau Ã© brasileiro mesmo nÃ£o , num desiste nunca , Ã© atÃ© bonitinho "
308,308,2018-04-13 00:55:51,HomÃ£o da porra esse da Sasha hein... #OOutroLadoDoParaÃ­so,,,,,308,HomÃ£o da porra esse da Sasha hein...,HomÃ£o da porra esse da Sacha hein ... 
309,309,2018-04-13 01:36:56,Aaaeeeeeeee Gael #OOutroLadoDoParaÃ­so,,,,,309,Aaaeeeeeeee Gael,Aaae Gael 
310,310,2018-04-11 00:46:42,"NÃ¡dia tÃ¡ bem hein 
#OOutroLadoDoParaiso",,,,,310,NÃ¡dia tÃ¡ bem hein,NÃ¡dia tÃ¡ bem hein 
311,311,2018-04-10 01:05:38,VC TÃ DANDO EM CIMA DO PORTUGA? HAHAAHAHAHAHAHAHAHAHAHAHAHAHAHAHAHA GAEL MITO #OOutroLadoDoParaiso,,,,,311,VC TÃ DANDO EM CIMA DO PORTUGA? HAHAAHAHAHAHAHAHAHAHAHAHAHAHAHAHAHA GAEL MITO,VocÃª TÃ DANDO EM CIMA DO PORTUGA ? HAHAAHAHAHAHAHAHAHAHAHAHAHAHAHAHAHA Gael MITO 
312,312,2018-04-13 01:29:32,"Nicolau Ã© fofo demais, meu deus ğŸ˜ğŸ˜ğŸ˜ #OOutroLadoDoParaÃ­so",,,,,312,"Nicolau Ã© fofo demais, meu deus ğŸ˜ğŸ˜ğŸ˜","Nicolau Ã© fofo demais , meu deus ğŸ˜ğŸ˜ğŸ˜ "
313,313,2018-04-17 00:26:39,Como nÃ£o amar??? hahahahahhaha #OOutroLadoDoParaÃ­so https://t.co/9MmV7u6I4Q,,,,,313,Como nÃ£o amar??? hahahahahhaha,Como nÃ£o amar ? ? ? hahahahahhaha 
314,314,2018-04-15 01:19:09,oowwwnnn q lindos esses dois #OOutroLadoDoParaiso,,,,,314,oowwwnnn q lindos esses dois,Oowwwnnn que lindos esses dois 
315,315,2018-04-14 00:25:40,SÃ³ Gloria Pires pra dar conta de um papel tÃ£o metamorfosico como este #OOutroLadoDoParaiso,,,,,315,SÃ³ Gloria Pires pra dar conta de um papel tÃ£o metamorfosico como este,SÃ³ GlÃ³ria Pires pra dar conta de um papel tÃ£o metamorfoseio como este 
316,316,2018-04-10 00:42:23,que visual Ã© esse do renato gnt #OOutroLadoDoParaiso,,,,,316,que visual Ã© esse do renato gnt,Que visual Ã© esse do Renato gnt 
317,317,2018-04-10 01:28:30,Kakakakakakakaka o@entregador de pizza... Samuel tÃ¡ no cio ! #OOutroLadoDoParaiso,,,,,317,Kakakakakakakaka o de pizza... Samuel tÃ¡ no cio !,Kakakakakakakaka o de pizza ... Samuel tÃ¡ no cio ! 
318,318,2018-04-12 00:12:12,"XodÃ³ Ã© maravilhoso, que homem #OOutroLadoDoParaiso",,,,,318,"XodÃ³ Ã© maravilhoso, que homem","XodÃ³ Ã© maravilhoso , que homem "
319,319,2018-04-13 00:49:03,Henrique hoje estÃ¡ de parabÃ©ns #OOutroLadoDoParaÃ­so,,,,,319,Henrique hoje estÃ¡ de parabÃ©ns,Henrique hoje estÃ¡ de parabÃ©ns 
320,320,2018-04-17 01:21:07,"""Tudo o que eu sempre quis foi casar com vocÃª..."" AWWWWWWWWWN.... ASSIM MEU CORAÃ‡ÃƒO NÃƒO AGUENTA #OOutroLadoDoParaiso",,,,,320,"""Tudo o que eu sempre quis foi casar com vocÃª..."" AWWWWWWWWWN.... ASSIM MEU CORAÃ‡ÃƒO NÃƒO AGUENTA",""" Tudo o que eu sempre quis foi casar com vocÃª ... "" AWWWWWWWWWN ... ASSIM MEU CORAÃ‡ÃƒO NÃƒO AGUENTA "
321,321,2018-04-13 01:33:46,"""SerÃ¡ se meu rim nÃ£o Ã© compativel com o da Dri gente?"" Sou tÃ£o fÃ£ de novela que eu acabo atuando junto kkkkkkkk #OOutroLadoDoParaÃ­so",,,,,321,"""SerÃ¡ se meu rim nÃ£o Ã© compativel com o da Dri gente?"" Sou tÃ£o fÃ£ de novela que eu acabo atuando junto kkkkkkkk",""" SerÃ¡ se meu rim nÃ£o Ã© compatÃ­vel com o da Tri gente ? "" Sou tÃ£o fÃ£ de novela que eu acabo atuando junto kkkkkkkk "
322,322,2018-04-11 01:02:51,xodÃ³ Ã© muito gostoso #OOutroLadoDoParaiso,,,,,322,xodÃ³ Ã© muito gostoso,XodÃ³ Ã© muito gostoso 
323,323,2018-04-17 01:24:05,Eu quero o vestido da Clara pra mim!! Lindo!! #OOutroLadoDoParaiso,,,,,323,Eu quero o vestido da Clara pra mim!! Lindo!!,Eu quero o vestido da Clara pra mim ! ! Lindo ! ! 
324,324,2018-04-10 00:56:44,AH O PISAO QUE O BANANA DO HENRIQUE DEU NA JÃ” #OOutroLadoDoParaiso,,,,,324,AH O PISAO QUE O BANANA DO HENRIQUE DEU NA JÃ”,Ah O Piso QUE O BANANA DO Henrique DEU NA JÃ” 
325,325,2018-04-10 01:30:13,"#OOutroLadoDoParaiso esse aÃ­ nÃ£o tem jeito nÃ£o, tÃ´ rindo muito da mÃ£e dele viu ğŸ˜‚ğŸ˜‚ğŸ˜‚ğŸ˜‚ğŸ˜‚ğŸ˜‚",,,,,325,"esse aÃ­ nÃ£o tem jeito nÃ£o, tÃ´ rindo muito da mÃ£e dele viu ğŸ˜‚ğŸ˜‚ğŸ˜‚ğŸ˜‚ğŸ˜‚ğŸ˜‚","Esse aÃ­ nÃ£o tem jeito nÃ£o , tÃ´ rindo muito da mÃ£e dele viu ğŸ˜‚ğŸ˜‚ğŸ˜‚ğŸ˜‚ğŸ˜‚ğŸ˜‚ "
326,326,2018-04-15 01:15:20,Ã‰ hoje que vai rolar o fio-terra no Juvenal? ğŸ˜‚ğŸ˜‚ğŸ˜‚ #OOutroLadoDoParaÃ­so,,,,,326,Ã‰ hoje que vai rolar o fio-terra no Juvenal? ğŸ˜‚ğŸ˜‚ğŸ˜‚,Ã‰ hoje que vai rolar o fio-terra no Juvenal ? ğŸ˜‚ğŸ˜‚ğŸ˜‚ 
327,327,2018-04-10 01:05:11,Samuel seu safadinho ğŸ˜‚ğŸ˜‚ğŸ˜‚ğŸ˜‚ #OOutroLadoDoParaÃ­so,,,,,327,Samuel seu safadinho ğŸ˜‚ğŸ˜‚ğŸ˜‚ğŸ˜‚,Samuel seu safadinho ğŸ˜‚ğŸ˜‚ğŸ˜‚ğŸ˜‚ 
328,328,2018-04-17 01:08:29,"QUE ATITUDE LINDA ESSA DA RAQUEL
#OOutroLadoDoParaÃ­so",,,,,328,QUE ATITUDE LINDA ESSA DA RAQUEL,QUE ATITUDE LINDA ESSA DA Raquel 
329,329,2018-04-17 13:09:19,"Meu amor tomazinireal ğŸ’–
#ooutroladodoparaiso #xodÃ³ #tomazini #anderson #andersontomazini https://t.co/yMu8iKMHCb",,,,,329,Meu amor tomazinireal ğŸ’–,Meu amor tomazinireal ğŸ’– 
330,330,2018-04-11 01:27:51,â€œQuer tomar um soco? Vai tomar na sua casaâ€ ISSO CLARA PISA MESMO NA FUDIDA DA FABIANA  #OOutroLadoDoParaÃ­so,,,,,330,â€œQuer tomar um soco? Vai tomar na sua casaâ€ ISSO CLARA PISA MESMO NA FUDIDA DA FABIANA,â€œQuer tomar um soco ? Vai tomar na sua casaâ€ ISSO CLARA PISA MESMO NA Fedida DA Fabiana 
331,331,2018-04-17 01:13:37,"Pq o Nicolau Ã© tÃ£o fofo? Quero ele pra mim, Adriana nÃ£o merece um ser desses #OOutroLadoDoParaiso",,,,,331,"Pq o Nicolau Ã© tÃ£o fofo? Quero ele pra mim, Adriana nÃ£o merece um ser desses","Porque o Nicolau Ã© tÃ£o fofo ? Quero ele pra mim , Adriana nÃ£o merece um ser desses "
332,332,2018-04-15 01:01:49,Ai tÃ£o lindinho aaa #OOutroLadoDoParaÃ­so https://t.co/Z3FAM4wUSh,,,,,332,Ai tÃ£o lindinho aaa,Ai tÃ£o lindinho a 
333,333,2018-04-13 01:34:39,#OOutroLadoDoParaiso nossa foi a 1 x nessa novela q vi a GlÃ³ria sendo Gloria ğŸ‘ğŸ‘ğŸ‘ğŸ˜‰,,,,,333,nossa foi a 1 x nessa novela q vi a GlÃ³ria sendo Gloria ğŸ‘ğŸ‘ğŸ‘ğŸ˜‰,Nossa foi a 1 x nessa novela que vi a GlÃ³ria sendo GlÃ³ria ğŸ‘ğŸ‘ğŸ‘ğŸ˜‰ 
334,334,2018-04-11 01:33:00,"NÃ£o sei quem Ã© mais lindo o Renato ou Patrick ,ai papai ğŸ˜ğŸ˜ #OoutroLadoDoParaÃ­so",,,,,334,"NÃ£o sei quem Ã© mais lindo o Renato ou Patrick ,ai papai ğŸ˜ğŸ˜","NÃ£o sei quem Ã© mais lindo o Renato ou Patrick , ai papai ğŸ˜ğŸ˜ "
335,335,2018-04-15 01:24:07,MARIANO VOLTOOOOOOU SOFIA MÃƒOS DE TESOURA QUE SE SEGURE #OOutroLadoDoParaiso,,,,,335,MARIANO VOLTOOOOOOU SOFIA MÃƒOS DE TESOURA QUE SE SEGURE,MARIANO VOLTOOOOOOU Sofia MÃƒOS DE TESOURA QUE SE SEGURE 
336,336,2018-04-17 00:55:12,"Dona Eliane humilha, amores! #OOutroLadoDoParaÃ­so https://t.co/7nrCot0NKm",,,,,336,"Dona Eliane humilha, amores!","Dona Eliane humilha , amores ! "
337,337,2018-04-10 01:05:42,"Rachando com esse Gael ğŸ˜‚ğŸ˜‚ğŸ˜‚
Literalmente salvando a novela
#OOutroLadoDoParaÃ­so",,,,,337,"Rachando com esse Gael ğŸ˜‚ğŸ˜‚ğŸ˜‚
Literalmente salvando a novela",Rachando com esse Gael ğŸ˜‚ğŸ˜‚ğŸ˜‚ Literalmente salvando a novela 
338,338,2018-04-15 00:41:11,"Bruno, ele Ã© meio fraco 

LindÃ­ssima falou tudo! 
#OOutroLadoDoParaÃ­so",,,,,338,"Bruno, ele Ã© meio fraco 

LindÃ­ssima falou tudo!","Bruno , ele Ã© meio fraco LindÃ­ssima falou tudo ! "
339,339,2018-04-10 01:29:22,Samuel todo enrolado por causa do boy ğŸ˜‚ğŸ˜‚ğŸ˜‚ğŸ˜‚ğŸ˜‚ğŸ˜‚ #OOutroLadoDoParaÃ­so,,,,,339,Samuel todo enrolado por causa do boy ğŸ˜‚ğŸ˜‚ğŸ˜‚ğŸ˜‚ğŸ˜‚ğŸ˜‚,Samuel todo enrolado por causa do boy ğŸ˜‚ğŸ˜‚ğŸ˜‚ğŸ˜‚ğŸ˜‚ğŸ˜‚ 
340,340,2018-04-10 00:51:54,Amo Fabiana com espÃ­rito de Caco Antibes: tenho horror a pobre! kkkkkkkkkk... ğŸ˜‚ @FerRod #OOutroLadoDoParaiso,,,,,340,Amo Fabiana com espÃ­rito de Caco Antibes: tenho horror a pobre! kkkkkkkkkk... ğŸ˜‚,Amo Fabiana com espÃ­rito de Caco Entibies : tenho horror a pobre ! kkkkkkkkkk ... ğŸ˜‚ 
341,341,2018-04-10 01:37:36,Fernanda Montenegro Ã© um mito e da aula de interpretaÃ§Ã£o #OOutroLadoDoParaÃ­so,,,,,341,Fernanda Montenegro Ã© um mito e da aula de interpretaÃ§Ã£o,Fernanda Montenegro Ã© um mito e da aula de interpretaÃ§Ã£o 
342,342,2018-04-10 01:25:48,Que cena essa da Raquel e da Nadia... #OOutroLadoDoParaÃ­so,,,,,342,Que cena essa da Raquel e da Nadia...,Que cena essa da Raquel e da Nadia ... 
343,343,2018-04-13 03:50:14,"Sophia em mais um ""vocÃªs nÃ£o imaginam o prazer que Ã© estar de volta!"" ğŸ˜‚ AlguÃ©m aÃ­ ansioso? ğŸ¤”Â #OOutroLadoDoParaÃ­soÂ ğŸ“·â€¦ https://t.co/8mR9a5eosE",,,,,343,"Sophia em mais um ""vocÃªs nÃ£o imaginam o prazer que Ã© estar de volta!"" ğŸ˜‚ AlguÃ©m aÃ­ ansioso? ğŸ¤”Â Â ğŸ“·â€¦","Sophia em mais um "" vocÃªs nÃ£o imaginam o prazer que Ã© estar de volta ! "" ğŸ˜‚ AlguÃ©m aÃ­ ansioso ? ğŸ¤”Â Â ğŸ“·â€¦ "
344,344,2018-04-09 03:10:27,"[dispensa legenda] â¤ğŸ˜

#OOutroLadodoParaÃ­so 

*to fazendo maratona* https://t.co/WOeHY7sc8B",,,,,344,"[dispensa legenda] â¤ğŸ˜

 

*to fazendo maratona*",[ dispensa legenda ] â¤ğŸ˜ *estou fazendo maratona* 
345,345,2018-04-10 01:28:27,Uau entrega pizza aqui em casa aaaaa #OOutroLadoDoParaiso,,,,,345,Uau entrega pizza aqui em casa aaaaa,( surpresa ) entrega pizza aqui em casa a 
346,346,2018-04-16 15:18:06,"SÃ“ O WALCYRZÃƒO PRA SALVAR A EMISSORA ANTES E DEPOIS!

#DeusSalveORei - 23
X
#OOutroLadoDoParaiso - 41

#BBB18 - 34",,,,,346,"SÃ“ O WALCYRZÃƒO PRA SALVAR A EMISSORA ANTES E DEPOIS!

 - 23
X
 - 41

 - 34",SÃ“ O WALCYRZÃƒO PRA SALVAR A EMISSORA ANTES E DEPOIS ! - 23 X - 41 - 34 
347,347,2018-04-17 01:16:14,Amo ve novela pq vejo umas coisa q nunca vÃ£o acontecer na minha vida #OOutroLadoDoParaiso,,,,,347,Amo ve novela pq vejo umas coisa q nunca vÃ£o acontecer na minha vida,Amo vÃª novela porque vejo umas coisa que nunca vÃ£o acontecer na minha vida 
348,348,2018-04-10 00:56:55,"Fabiana nÃ£o vale nada mas Ã© muito comÃ©dia! @FerRod que arraso, molierrr #OOutroLadoDoParaÃ­so",,,,,348,"Fabiana nÃ£o vale nada mas Ã© muito comÃ©dia!  que arraso, molierrr","Fabiana nÃ£o vale nada mas Ã© muito comÃ©dia ! que arraso , molierrr "
349,349,2018-04-17 01:09:56,Bruno e Raquel tÃ£o lindos ğŸ˜ğŸ˜ğŸ˜ğŸ˜ğŸ˜ğŸ˜ meu casal preferido dessa novelaaaa aaaaa #OOutroLadoDoParaÃ­so,,,,,349,Bruno e Raquel tÃ£o lindos ğŸ˜ğŸ˜ğŸ˜ğŸ˜ğŸ˜ğŸ˜ meu casal preferido dessa novelaaaa aaaaa,Bruno e Raquel tÃ£o lindos ğŸ˜ğŸ˜ğŸ˜ğŸ˜ğŸ˜ğŸ˜ meu casal preferido dessa novela a 
350,350,2018-04-10 01:18:43,Meu Bruquel vai voltar ALELUIA ğŸ˜ #OOutroLadoDoParaÃ­so,,,,,350,Meu Bruquel vai voltar ALELUIA ğŸ˜,Meu Broquel vai voltar ALELUIA ğŸ˜ 
351,351,2018-04-11 01:00:24,Acho tÃ£o linda as cenas da Mercedes e Cleo tendo contato com as vozes #OOutroLadoDoParaiso,,,,,351,Acho tÃ£o linda as cenas da Mercedes e Cleo tendo contato com as vozes,Acho tÃ£o linda as cenas da Mercedes e ClÃ©o tendo contato com as vozes 
352,352,2018-04-11 00:48:13,Socorro kkkkkkk a Nadia #OOutroLadoDoParaiso,,,,,352,Socorro kkkkkkk a Nadia,Socorro kkkkkkk a Nadia 
353,353,2018-04-10 00:35:04,"Toda vez que tem cena da Leandra com o Gael, eu fico com um sorriso bobo na cara pq puta que pariu que quÃ­mica. #Ooutroladodoparaiso",,,,,353,"Toda vez que tem cena da Leandra com o Gael, eu fico com um sorriso bobo na cara pq puta que pariu que quÃ­mica.","Toda vez que tem cena da Leandra com o Gael , eu fico com um sorriso bobo na cara porque puta que pariu que quÃ­mica . "
354,354,2018-04-10 00:29:57,"Meu sonho Ã© o Patrick do meu lado, homÃ£o da porra!
#OOutroLadoDoParaiso",,,,,354,"Meu sonho Ã© o Patrick do meu lado, homÃ£o da porra!","Meu sonho Ã© o Patrick do meu lado , homÃ£o da porra ! "
355,355,2018-04-17 00:41:55,Ai Felipe Tito ğŸ˜#OOutroLadoDoParaiso,,,,,355,Ai Felipe Tito ğŸ˜,Ai Felipe Tito ğŸ˜ 
356,356,2018-04-08 01:16:18,"LIVIA GRAVIDA, EU AMEEEI #OOutroLadoDoParaÃ­so https://t.co/ceXKy7p8iE",,,,,356,"LIVIA GRAVIDA, EU AMEEEI","LÃ­via GrÃ¡vida , EU Amei "
357,357,2018-04-08 01:13:12,LÃ­via grÃ¡vida... ğŸ‘ #OOutroLadoDoParaÃ­so,,,,,357,LÃ­via grÃ¡vida... ğŸ‘,LÃ­via grÃ¡vida ... ğŸ‘ 
358,358,2018-04-10 00:42:52,Socorro!!ğŸ˜…ğŸ˜…ğŸ˜‚ğŸ˜‚ğŸ˜‚ğŸ˜‚ğŸ˜‚ğŸ˜‚ğŸ˜‚ #Ooutroladodoparaiso,,,,,358,Socorro!!ğŸ˜…ğŸ˜…ğŸ˜‚ğŸ˜‚ğŸ˜‚ğŸ˜‚ğŸ˜‚ğŸ˜‚ğŸ˜‚,Socorro ! ! ğŸ˜…ğŸ˜…ğŸ˜‚ğŸ˜‚ğŸ˜‚ğŸ˜‚ğŸ˜‚ğŸ˜‚ğŸ˜‚ 
359,359,2018-04-13 00:50:21,"Dale, Beth! DÃ¡ na cara dela! #OOutroLadoDoParaiso",,,,,359,"Dale, Beth! DÃ¡ na cara dela!","Dale , Beth ! DÃ¡ na cara dela ! "
360,360,2018-04-10 01:26:12,"Meu Deus a Raquel Ã© um amor, aÃ­ acho que to apaixonada  #OOutroLadoDoParaÃ­so https://t.co/XCjntlIT2E",,,,,360,"Meu Deus a Raquel Ã© um amor, aÃ­ acho que to apaixonada","Meu Deus a Raquel Ã© um amor , aÃ­ acho que estou apaixonada "
361,361,2018-04-14 01:26:49,"O Patrick Ã© advogado, agente do FBI, protetor dos fracos e oprimidos, lindo, educado. Ele Ã© praticamente o Clark Kent #OOutroLadoDoParaÃ­so",,,,,361,"O Patrick Ã© advogado, agente do FBI, protetor dos fracos e oprimidos, lindo, educado. Ele Ã© praticamente o Clark Kent","O Patrick Ã© advogado , agente do FBI , protetor dos fracos e oprimidos , lindo , educado . Ele Ã© praticamente o Clark Kent "
362,362,2018-04-14 00:22:15,"Esse tom de voz Gael, jeito de falar.. me deixa louco!! Kkkk #OOutroLadoDoParaÃ­so",,,,,362,"Esse tom de voz Gael, jeito de falar.. me deixa louco!! Kkkk","Esse Tom de voz Gael , jeito de falar ... me deixa louco ! ! Kick "
363,363,2018-04-17 00:30:41,O nÃºcleo das putas Ã© o melhor mano HAUAHAUAU #OOutroLadoDoParaiso,,,,,363,O nÃºcleo das putas Ã© o melhor mano HAUAHAUAU,O nÃºcleo das putas Ã© o melhor mano HAUAHAUAU 
364,364,2018-04-11 00:42:11,"Meninas se vcs sofrem por algum cara, lembre-se q ele nÃ£o Ã© esse entregador d pizza ğŸ• #OOutroLadoDoParaÃ­so https://t.co/VpB0vT6hNg",,,,,364,"Meninas se vcs sofrem por algum cara, lembre-se q ele nÃ£o Ã© esse entregador d pizza ğŸ•","Meninas se vocÃªs sofrem por algum cara , lembrete que ele nÃ£o Ã© esse entregador de pizza ğŸ• "
365,365,2018-04-17 01:26:40,#OOutroLadoDoParaiso vey sou apaixonadaaaaaa no patrick nam,,,,,365,vey sou apaixonadaaaaaa no patrick nam,Vai sou apaixonada no Patrick na 
366,366,2018-04-11 01:27:51,Adoro a Fabiana #OOutroLadoDoParaÃ­so,,,,,366,Adoro a Fabiana,Adoro a Fabiana 
367,367,2018-04-17 01:29:45,Patrick maravilhoso #OOutroLadoDoParaiso,,,,,367,Patrick maravilhoso,Patrick maravilhoso 
368,368,2018-04-17 01:29:11,"Tomaa hahahahahah
#OoutroLadoDoParaiso",,,,,368,Tomaa hahahahahah,Toma hahahahahah 
369,369,2018-04-10 02:01:30,"Que cena linda foi essa entre Raquel e NÃ¡dia ğŸ˜ğŸ˜ğŸ‘ Me arrepiei ğŸ˜
#OOutroLadoDoParaiso 
#bruquel",,,,,369,Que cena linda foi essa entre Raquel e NÃ¡dia ğŸ˜ğŸ˜ğŸ‘ Me arrepiei ğŸ˜,Que cena linda foi essa entre Raquel e NÃ¡dia ğŸ˜ğŸ˜ğŸ‘ Me arrepiei ğŸ˜ 
370,370,2018-04-15 01:15:36,"Eu amo esua mÃºsica ! â¤â¤â¤

#OOutroLadoDoParaiso",,,,,370,Eu amo esua mÃºsica ! â¤â¤â¤,Eu amo sua mÃºsica ! â¤â¤â¤ 
371,371,2018-04-15 01:09:57,"Dona Mercedes esperta querendo ficar sozinha com o delegaaaado
#OOutroLadoDoParaÃ­so https://t.co/A3TdWFwfZo",,,,,371,Dona Mercedes esperta querendo ficar sozinha com o delegaaaado,Dona Mercedes esperta querendo ficar sozinha com o delegado 
372,372,2018-04-10 01:06:44,Elenco fodah da porrah BICHO ğŸ‘ğŸ’• #OndeNascemOsFortes  #OOutroLadoDoParaÃ­so,,,,,372,Elenco fodah da porrah BICHO ğŸ‘ğŸ’•,Elenco poda da porra BICHO ğŸ‘ğŸ’• 
373,373,2018-04-10 01:20:04,Samuel tÃ¡ querendo dar pra qualquer um em virtude do tamanho do desespero da abstinÃªncia. EU RI #OOutroLadoDoParaÃ­so,,,,,373,Samuel tÃ¡ querendo dar pra qualquer um em virtude do tamanho do desespero da abstinÃªncia. EU RI,Samuel tÃ¡ querendo dar pra qualquer um em virtude do tamanho do desespero da abstinÃªncia . Eu RI 
374,374,2018-04-13 01:31:11,O Nicolau â¤ï¸ #OOutroLadoDoParaiso,,,,,374,O Nicolau â¤ï¸,O Nicolau â¤ï¸ 
375,375,2018-04-11 01:03:20,"Esse ator q faz o XodÃ³ Ã© bom, nÃ©? E tem um carisma monstro. #OOutroLadoDoParaiso",,,,,375,"Esse ator q faz o XodÃ³ Ã© bom, nÃ©? E tem um carisma monstro.","Esse ator que faz o XodÃ³ Ã© bom , nÃ© ? E tem um carisma monstro . "
376,376,2018-04-11 00:35:21,Socorrooooooo KKKKKKKKKKK #OOutroLadoDoParaiso,,,,,376,Socorrooooooo KKKKKKKKKKK,Socorro KKKKKKKKKKK 
377,377,2018-04-15 01:16:25,#OOutroLadodoParaÃ­so aÃ­ gente ela Ã© uma fofa ;;;;,,,,,377,aÃ­ gente ela Ã© uma fofa ;;;;,AÃ­ gente ela Ã© uma fofa ; ; ; ; 
378,378,2018-04-08 01:39:54,a cara da suzy Ã© sensacional #OOutroLadoDoParaiso,,,,,378,a cara da suzy Ã© sensacional,A cara da Suzi Ã© sensacional 
379,379,2018-04-10 01:28:46,"Um entregador de pizza desse,bicho! #OOutroLadoDoParaiso",,,,,379,"Um entregador de pizza desse,bicho!","Um entregador de pizza desse , bicho ! "
380,380,2018-04-15 00:30:59,"#OOutroLadoDoParaÃ­so
Patrick reinando",,,,,380,Patrick reinando,Patrick reinando 
381,381,2018-04-13 01:30:33,Essa novela Ã© muito foda #OOutroLadoDoParaiso,,,,,381,Essa novela Ã© muito foda,Essa novela Ã© muito poda 
382,382,2018-04-17 01:09:54,AAAAAAH BRUNO E RAQUEL PQ VCS ME MATARAM â¤â¤ #OOutroLadoDoParaiso,,,,,382,AAAAAAH BRUNO E RAQUEL PQ VCS ME MATARAM â¤â¤,AAAAAAH Bruno E Raquel porque vocÃªs ME MATARAM â¤â¤ 
383,383,2018-04-13 01:27:56,"BEM FEITOO 
#OOutroLadoDoParaiso",,,,,383,BEM FEITOO,BEM Feito 
384,384,2018-04-17 15:50:16,@Ellen_Rocche @WalcyrCarrasco Seu trabalho em #OOutroLadoDoParaÃ­so estÃ¡ Ã³timo.... parabÃ©ns e muito sucesso ğŸ˜€ğŸ˜€ğŸ˜€,,,,,384,_Rocche  Seu trabalho em  estÃ¡ Ã³timo.... parabÃ©ns e muito sucesso ğŸ˜€ğŸ˜€ğŸ˜€,_Rocche Seu trabalho em estÃ¡ Ã³timo ... parabÃ©ns e muito sucesso ğŸ˜€ğŸ˜€ğŸ˜€ 
385,385,2018-04-11 01:31:31,"Mds nossa senhora dos cafajeste 
Renato vem fazer um acordo comigo kkkk
#OOutroLadoDoParaiso",,,,,385,"Mds nossa senhora dos cafajeste 
Renato vem fazer um acordo comigo kkkk",Modos nossa senhora dos cafajeste Renato vem fazer um acordo comigo Kick 
386,386,2018-04-15 00:31:03,"Patrick Ã© Ã©tico, bom, justo e sensÃ­vel. Patrick Ã© um gentleman

#Clarick
#PatrickReina
#OOutroLadoDoParaiso",,,,,386,"Patrick Ã© Ã©tico, bom, justo e sensÃ­vel. Patrick Ã© um gentleman","Patrick Ã© Ã©tico , bom , justo e sensÃ­vel . Patrick Ã© um gentleman "
387,387,2018-04-13 01:11:02,Eita homÃ£o da porra esse Mariano hem #OOutroLadoDoParaiso,,,,,387,Eita homÃ£o da porra esse Mariano hem,Eta homÃ£o da porra esse Mariano hem 
388,388,2018-04-08 02:00:05,"Kkk eu tÃ´ morrendo 
MEU SAMUELZINHO ESTÃ CURADO UNS 70% FALTA 30 AGORA VAMOS SUSI MEXA-SE JOGUE SEU CHARME E FISGUEâ€¦ https://t.co/xrjGdsm10P",,,,,388,"Kkk eu tÃ´ morrendo 
MEU SAMUELZINHO ESTÃ CURADO UNS 70% FALTA 30 AGORA VAMOS SUSI MEXA-SE JOGUE SEU CHARME E FISGUEâ€¦",Kcs eu tÃ´ morrendo MEU SAMUELZINHO ESTÃ CURADO UNS 70 % FALTA 30 AGORA VAMOS Susi Mexas JOGUE SEU CHARME E FISGUEâ€¦ 
389,389,2018-04-15 00:59:43,"Caramba, a Bianca Bin (Clara) tÃ¡ com um corpÃ£o maraaa #OOutroLadoDoParaiso",,,,,389,"Caramba, a Bianca Bin (Clara) tÃ¡ com um corpÃ£o maraaa","Caramba , a Bianca Bin ( Clara ) tÃ¡ com um corpÃ£o Mara "
390,390,2018-04-08 01:28:08,Acho tÃ£o fofo quando o Gael encarna o Candinho #OOutroLadoDoParaÃ­so,,,,,390,Acho tÃ£o fofo quando o Gael encarna o Candinho,Acho tÃ£o fofo quando o Gael encarna o Candinho 
391,391,2018-04-08 01:52:53,"#OOutroLadoDoParaÃ­so
O Samuel nÃ£o parece muito curado nÃ£o!!! ğŸ˜‚ğŸ˜‚ğŸ˜‚ğŸ˜‚",,,,,391,O Samuel nÃ£o parece muito curado nÃ£o!!! ğŸ˜‚ğŸ˜‚ğŸ˜‚ğŸ˜‚,O Samuel nÃ£o parece muito curado nÃ£o ! ! ! ğŸ˜‚ğŸ˜‚ğŸ˜‚ğŸ˜‚ 
392,392,2018-04-08 04:00:39,"Vamos subir essa tag mais do que nunca. O nosso rei merece. Por ele e para ele.
#OOutroLadoDoParaiso 
#Clarick https://t.co/TgTettKihn",,,,,392,Vamos subir essa tag mais do que nunca. O nosso rei merece. Por ele e para ele.,Vamos subir essa Tag mais do que nunca . O nosso rei merece . Por ele e para ele . 
393,393,2018-04-15 01:10:49,"Essas vendo essas cenas da Mercedes ğŸ˜

#OOutroLadoDoParaiso https://t.co/FZme8AnYzW",,,,,393,Essas vendo essas cenas da Mercedes ğŸ˜,Essas vendo essas cenas da Mercedes ğŸ˜ 
394,394,2018-04-10 01:05:15,SE JOGA! Haushaushaushahshaushaus o berro q eu dei!!!! #OOutroLadoDoParaÃ­so,,,,,394,SE JOGA! Haushaushaushahshaushaus o berro q eu dei!!!!,SE JOGA ! Haushaushaushahshaushaus o berro que eu dei ! ! ! ! 
395,395,2018-04-15 00:36:52,"Depois de uma cena desta, com momentos tÃ£o incrÃ­veis, como ainda dizem que esta novela nÃ£o Ã© boa, gente? Uma pena eâ€¦ https://t.co/jhNCiVYSkq",,,,,395,"Depois de uma cena desta, com momentos tÃ£o incrÃ­veis, como ainda dizem que esta novela nÃ£o Ã© boa, gente? Uma pena eâ€¦","Depois de uma cena desta , com momentos tÃ£o incrÃ­veis , como ainda dizem que esta novela nÃ£o Ã© boa , gente ? Uma pena eâ€¦ "
396,396,2018-04-11 01:32:16,"Eu quando o Patrick colocou o Renato pra fora 
QUE HOMÃƒO VIU #OOutroLadoDoParaiso https://t.co/ROTU2ilMcu",,,,,396,"Eu quando o Patrick colocou o Renato pra fora 
QUE HOMÃƒO VIU",Eu quando o Patrick colocou o Renato pra fora QUE HOMÃƒO VIU 
397,397,2018-04-17 01:09:18,Meu bruquel estÃ¡ vivo â¤ğŸ’•âœ¨ğŸŒ¹ #OOutroLadodoParaÃ­so,,,,,397,Meu bruquel estÃ¡ vivo â¤ğŸ’•âœ¨ğŸŒ¹,Meu broquel estÃ¡ vivo â¤ğŸ’•âœ¨ğŸŒ¹ 
398,398,2018-04-13 01:33:11,"Hoje ou eu to mt emotiva ou o capÃ­tulo de hoje tÃ¡ bem emocional, e os atores estÃ£o arrasando.
#OOutroLadoDoParaiso",,,,,398,"Hoje ou eu to mt emotiva ou o capÃ­tulo de hoje tÃ¡ bem emocional, e os atores estÃ£o arrasando.","Hoje ou eu estou muito emotiva ou o capÃ­tulo de hoje tÃ¡ bem emocional , e os atores estÃ£o arrasando . "
399,399,2018-04-17 00:48:41,O Diego Ã© uma gracinha #OOutroLadoDoParaiso,,,,,399,O Diego Ã© uma gracinha,O Diego Ã© uma gracinha 
400,400,2018-04-10 01:26:14,"NÃ¡dia e Raquel, melhor cena 
#OOutroLadoDoParaiso",,,,,400,"NÃ¡dia e Raquel, melhor cena","NÃ¡dia e Raquel , melhor cena "
401,401,2018-04-11 01:12:34,O CÃCERO E A SHEILA QUE FOFOS  #OOutroLadoDoParaÃ­so,,,,,401,O CÃCERO E A SHEILA QUE FOFOS,O CÃCERO E A Sheila QUE FOFOS 
402,402,2018-04-13 01:08:26,Patrico. Esse sim Ã© homÃ£o da porra.  #OOutroLadoDoParaiso,,,,,402,Patrico. Esse sim Ã© homÃ£o da porra.,Patrick . Esse sim Ã© homÃ£o da porra . 
403,403,2018-04-10 01:32:10,"Mercedes: a 

Eu: SUA MARAVILHOSA â¤ï¸ #OOutroLadoDoParaÃ­so",,,,,403,"Mercedes: a 

Eu: SUA MARAVILHOSA â¤ï¸",Mercedes : a Eu : SUA MARAVILHOSA â¤ï¸ 
404,404,2018-04-10 01:35:56,Maravilhosa atuaÃ§Ã£o da Eliane Giardini ğŸ‘ğŸ½ #OOutroLadoDoParaiso,,,,,404,Maravilhosa atuaÃ§Ã£o da Eliane Giardini ğŸ‘ğŸ½,Maravilhosa atuaÃ§Ã£o da Eliane Gardini ğŸ‘ğŸ½ 
405,405,2018-04-15 00:58:14,"as Roupas da Raquel sÃ£o maravilhosassss

#OOutroLadoDoParaiso",,,,,405,as Roupas da Raquel sÃ£o maravilhosassss,As Roupas da Raquel sÃ£o maravilhosassss 
406,406,2018-04-08 01:41:51,"#OOutroLadoDoParaÃ­so
Suzy melhor pessoa!!!",,,,,406,Suzy melhor pessoa!!!,Suzi melhor pessoa ! ! ! 
407,407,2018-04-17 01:11:20,"Que cena lindaaaaa, melhor casal ğŸ˜ #OoutroladodoparaÃ­so",,,,,407,"Que cena lindaaaaa, melhor casal ğŸ˜","Que cena linda , melhor casal ğŸ˜ "
408,408,2018-04-14 01:19:24,Morta com essa empregada Kkkkkkkkkkkkk #OoutroladodoparaÃ­so,,,,,408,Morta com essa empregada Kkkkkkkkkkkkk,Morta com essa empregada Kkkkkkkkkkkkk 
409,409,2018-04-10 01:36:32,"Meu Deus que vontade de abraÃ§ar a Fernanda Montenegro atÃ© nÃ£o aguentar mais ajskaksaaaaa ela Ã© muito fofa aaaaaaa
-â€¦ https://t.co/sGOxsqOMyv",,,,,409,"Meu Deus que vontade de abraÃ§ar a Fernanda Montenegro atÃ© nÃ£o aguentar mais ajskaksaaaaa ela Ã© muito fofa aaaaaaa
-â€¦",Meu Deus que vontade de abraÃ§ar a Fernanda Montenegro atÃ© nÃ£o aguentar mais ajskaksa ela Ã© muito fofa a -â€¦ 
410,410,2018-04-11 01:26:00,"Raquel, se vc n quiser o Bruno eu quero #OOutroLadoDoParaiso",,,,,410,"Raquel, se vc n quiser o Bruno eu quero","Raquel , se vocÃª nÃ£o quiser o Bruno eu quero "
411,411,2018-04-14 03:13:17,"O melhor beijo... eu sou muito trouxa mesmo, mas nÃ£o consigo deixÃ¡-los. 
#Clarick 
#OOutroLadoDoParaiso https://t.co/wNuxlDR9l1",,,,,411,"O melhor beijo... eu sou muito trouxa mesmo, mas nÃ£o consigo deixÃ¡-los.","O melhor beijo ... eu sou muito trouxa mesmo , mas nÃ£o consigo deixÃ¡-los . "
